Workbook

Sheet Apr-Nov 2025
A1: Sn | B1: ='[1]CSC Wise Data'!A1 -> SR | C1: ='[1]CSC Wise Data'!B1 -> State | D1: ='[1]CSC Wise Data'!C1 -> CSC Name | E1: ='[1]CSC Wise Data'!E1 -> District | F1: ='[1]CSC Wise Data'!G1 -> Month | G1: Registration | J1: ICTC Linkage Loss | M1: Newly Initiated on-ART Cascade | S1: MIS Cascade | V1: LFU Cascade | Y1: CD4<200 Cascade | AB1: CD4<200 testing Cascade | AE1: PLHIV overdue for VL test Cascade | AH1: PLHIV on 3rd line ART due for VL | AK1: PLHIV with unsuppressed VL underwent repeat VL | AN1: Index Testing Cascade | AZ1: Discordant Couple Cascade | BC1: Newly HIV +ve PPW Cascade | BF1: PPW due for 32-36wk VL | BI1: EID Follow-up | BU1: ART linkage of +ve infants/children | BX1: TB Screening Cascade | CA1: FU for HIV TB co-infection | CD1: HIV-NCD Cascade
G2: New PLHIV Registered with ARTC "LL" received | H2: New client reg with CSC | I2: % of registration | J2: clients yet to linked with ARTC "LL" received | K2: definite outcome | L2: % of definite outcome | M2: NI "LL" received from ARTC | N2: NI clients contacted | O2: % of definite outcome | P2: NI clients "LL" received 7mnth ago | Q2: NI clients retainted on Tx at 7th mnth | R2: % of definite outcome | S2: MIS clients received from ARTC | T2: definite outcome | U2: % of definite outcome | V2: LFU clients received from ARTC | W2: Definite outcome | X2: % of definite outcome | Y2: clients whose CD4<200 "LL" received | Z2: clients whose CD4<200-Contacted | AA2: % Contacted | AB2: CD4<200 Cascade "LL" received from 6month ago | AC2: clients whose CD4<200 undergone testing | AD2: % of Testing | AE2: VL test overdue clients "LL" received from ARTC | AF2: VL test overdue clients-Tested for VL | AG2: % of VL tested | AH2: 3rd line clients due for VL "LL" received | AI2: 3rd line clients due for VL-Tested for VL | AJ2: % of VL tested | AK2: unsuppressed clients "LL" received from ARTC | AL2: unsuppressed clients tested for VL | AM2: % of VL tested | AN2: FM eligible for HIV screening/testing | AO2: FM screened /tested for HIV | AP2: % of HIV Testing | AQ2: SP eligible for HIV screening/testing | AR2: SP screened /tested for HIV | AS2: % of HIV Testing | AT2: BC eligible for HIV screening/testing | AU2: BC screened /tested for HIV | AV2: % of HIV Testing | AW2: Total eligible for HIV screening/testing | AX2: screened /tested for HIV | AY2: % of HIV Testing | AZ2: DC due for repeat test | BA2: DC retested for HIV | BB2: % of HIV Testing | BC2: new PPW "LL" received | BD2: PPW initiated on ART | BE2: % of PPW initiated on ART | BF2: PPW due for 32-36wk VL "LL" rcvd | BG2: PPW due for 32-36wk VL-Tested for VL | BH2: % of VL Testing | BI2: HEI tested for 1st EID | BJ2: Tested for EID | BK2: % of EID testing | BL2: HEI tested for 2nd EID | BM2: Tested for EID | BN2: % of EID testing | BO2: HEI tested for 3rd EID | BP2: Tested for EID | BQ2: % of EID testing | BR2: HEI tested for 4th EID | BS2: Tested for EID | BT2: % of EID testing | BU2: Number of HEI found EID (+Ve) | BV2: Number of HEI linked with ART | BW2: % of ART Linkages | BX2: clients screened for TB 1st time | BY2: clients re-screened for TB | BZ2: % of TB Screening | CA2: HIV-TB clients "LL" received | CB2: HIV-TB clients-Adhere to ART & ATT | CC2: % of Adherence | CD2: HIV-NCD clients "LL" received | CE2: HIV-NCD clients contacted | CF2: % of HIV-NCD clients contacted
A3: 1 | B3: CHRI | C3: BR,WB,MG,TR, SK,NG,AS,AP | D3: 27 | F3: =F7 -> Apr-Dec'25 | G3: =SUMIF($B$7:$B$82,"CHRI",G7:G82) -> 14326 | H3: =SUMIF($B$7:$B$82,"CHRI",H7:H82) -> 14147 | I3: =H3/G3 -> 0.98750524 | J3: =SUMIF($B$7:$B$82,"CHRI",J7:J82) -> 6005 | K3: =SUMIF($B$7:$B$82,"CHRI",K7:K82) -> 5430 | L3: =K3/J3 -> 0.90424646 | M3: =SUMIF($B$7:$B$82,"CHRI",M7:M82) -> 13144 | N3: =SUMIF($B$7:$B$82,"CHRI",N7:N82) -> 12582 | O3: =N3/M3 -> 0.95724285 | P3: =SUMIF($B$7:$B$82,"CHRI",P7:P82) -> 10445 | Q3: =SUMIF($B$7:$B$82,"CHRI",Q7:Q82) -> 8884 | R3: =Q3/P3 -> 0.8505505 | S3: =SUMIF($B$7:$B$82,"CHRI",S7:S82) -> 64690 | T3: =SUMIF($B$7:$B$82,"CHRI",T7:T82) -> 47340 | U3: =T3/S3 -> 0.7317978 | V3: =SUMIF($B$7:$B$82,"CHRI",V7:V82) -> 28993 | W3: =SUMIF($B$7:$B$82,"CHRI",W7:W82) -> 14690 | X3: =W3/V3 -> 0.50667402 | Y3: =SUMIF($B$7:$B$82,"CHRI",Y7:Y82) -> 3965 | Z3: =SUMIF($B$7:$B$82,"CHRI",Z7:Z82) -> 2967 | AA3: =Z3/Y3 -> 0.7482976 | AB3: =SUMIF($B$7:$B$82,"CHRI",AB7:AB82) -> 2910 | AC3: =SUMIF($B$7:$B$82,"CHRI",AC7:AC82) -> 1203 | AD3: =AC3/AB3 -> 0.41340206 | AE3: =SUMIF($B$7:$B$82,"CHRI",AE7:AE82) -> 45771 | AF3: =SUMIF($B$7:$B$82,"CHRI",AF7:AF82) -> 36742 | AG3: =AF3/AE3 -> 0.80273536 | AH3: =SUMIF($B$7:$B$82,"CHRI",AH7:AH82) -> 51 | AI3: =SUMIF($B$7:$B$82,"CHRI",AI7:AI82) -> 15 | AJ3: =AI3/AH3 -> 0.29411765 | AK3: =SUMIF($B$7:$B$82,"CHRI",AK7:AK82) -> 4992 | AL3: =SUMIF($B$7:$B$82,"CHRI",AL7:AL82) -> 1965 | AM3: =AL3/AK3 -> 0.39362981 | AN3: =SUMIF($B$7:$B$82,"CHRI",AN7:AN82) -> 4989 | AO3: =SUMIF($B$7:$B$82,"CHRI",AO7:AO82) -> 4630 | AP3: =AO3/AN3 -> 0.92804169 | AQ3: =SUMIF($B$7:$B$82,"CHRI",AQ7:AQ82) -> 226 | AR3: =SUMIF($B$7:$B$82,"CHRI",AR7:AR82) -> 79 | AS3: =AR3/AQ3 -> 0.34955752 | AT3: =SUMIF($B$7:$B$82,"CHRI",AT7:AT82) -> 3629 | AU3: =SUMIF($B$7:$B$82,"CHRI",AU7:AU82) -> 3350 | AV3: =AU3/AT3 -> 0.92311932 | AW3: =AN3+AQ3+AT3 -> 8844 | AX3: =AO3+AR3+AU3 -> 8059 | AY3: =AX3/AW3 -> 0.91123926 | AZ3: =SUMIF($B$7:$B$82,"CHRI",AZ7:AZ82) -> 5721 | BA3: =SUMIF($B$7:$B$82,"CHRI",BA7:BA82) -> 2751 | BB3: =SUMIF($B$7:$B$82,"CHRI",BB7:BB82) -> 19.920498 | BC3: =SUMIF($B$7:$B$82,"CHRI",BC7:BC82) -> 419 | BD3: =SUMIF($B$7:$B$82,"CHRI",BD7:BD82) -> 485 | BE3: =SUMIF($B$7:$B$82,"CHRI",BE7:BE82) -> 26.65828 | BF3: =SUMIF($B$7:$B$82,"CHRI",BF7:BF82) -> 880 | BG3: =SUMIF($B$7:$B$82,"CHRI",BG7:BG82) -> 805 | ... CF3: =SUMIF($B$7:$B$82,"CHRI",CF7:CF82) -> 9.8315789
A4: 2 | B4: YRG | C4: DD,Raj,OD | D4: 23 | F4: =F8 -> Apr-Dec'25 | G4: =SUMIF($B$7:$B$82,"YRG Care",G7:G82) -> 8517 | H4: =SUMIF($B$7:$B$82,"YRG Care",H7:H82) -> 7360 | I4: =H4/G4 -> 0.86415404 | J4: =SUMIF($B$7:$B$82,"YRG Care",J7:J82) -> 182 | K4: =SUMIF($B$7:$B$82,"YRG Care",K7:K82) -> 72 | L4: =K4/J4 -> 0.3956044 | M4: =SUMIF($B$7:$B$82,"YRG Care",M7:M82) -> 7772 | N4: =SUMIF($B$7:$B$82,"YRG Care",N7:N82) -> 7596 | O4: =N4/M4 -> 0.97735461 | P4: =SUMIF($B$7:$B$82,"YRG Care",P7:P82) -> 6708 | Q4: =SUMIF($B$7:$B$82,"YRG Care",Q7:Q82) -> 5674 | R4: =Q4/P4 -> 0.84585569 | S4: =SUMIF($B$7:$B$82,"YRG Care",S7:S82) -> 44142 | T4: =SUMIF($B$7:$B$82,"YRG Care",T7:T82) -> 33612 | U4: =T4/S4 -> 0.76145168 | V4: =SUMIF($B$7:$B$82,"YRG Care",V7:V82) -> 18257 | W4: =SUMIF($B$7:$B$82,"YRG Care",W7:W82) -> 12727 | X4: =W4/V4 -> 0.69710248 | Y4: =SUMIF($B$7:$B$82,"YRG Care",Y7:Y82) -> 3612 | Z4: =SUMIF($B$7:$B$82,"YRG Care",Z7:Z82) -> 3416 | AA4: =Z4/Y4 -> 0.94573643 | AB4: =SUMIF($B$7:$B$82,"YRG Care",AB7:AB82) -> 2649 | AC4: =SUMIF($B$7:$B$82,"YRG Care",AC7:AC82) -> 1038 | AD4: =AC4/AB4 -> 0.39184598 | AE4: =SUMIF($B$7:$B$82,"YRG Care",AE7:AE82) -> 19554 | AF4: =SUMIF($B$7:$B$82,"YRG Care",AF7:AF82) -> 14870 | AG4: =AF4/AE4 -> 0.76045822 | AH4: =SUMIF($B$7:$B$82,"YRG Care",AH7:AH82) -> 215 | AI4: =SUMIF($B$7:$B$82,"YRG Care",AI7:AI82) -> 183 | AJ4: =AI4/AH4 -> 0.85116279 | AK4: =SUMIF($B$7:$B$82,"YRG Care",AK7:AK82) -> 3798 | AL4: =SUMIF($B$7:$B$82,"YRG Care",AL7:AL82) -> 1967 | AM4: =AL4/AK4 -> 0.51790416 | AN4: =SUMIF($B$7:$B$82,"YRG Care",AN7:AN82) -> 1171 | AO4: =SUMIF($B$7:$B$82,"YRG Care",AO7:AO82) -> 670 | AP4: =AO4/AN4 -> 0.57216055 | AQ4: =SUMIF($B$7:$B$82,"YRG Care",AQ7:AQ82) -> 121 | AR4: =SUMIF($B$7:$B$82,"YRG Care",AR7:AR82) -> 70 | AS4: =AR4/AQ4 -> 0.5785124 | AT4: =SUMIF($B$7:$B$82,"YRG Care",AT7:AT82) -> 871 | AU4: =SUMIF($B$7:$B$82,"YRG Care",AU7:AU82) -> 500 | AV4: =AU4/AT4 -> 0.57405281 | AW4: =AN4+AQ4+AT4 -> 2163 | AX4: =AO4+AR4+AU4 -> 1240 | AY4: =AX4/AW4 -> 0.57327785 | AZ4: =SUMIF($B$7:$B$82,"YRG Care",AZ7:AZ82) -> 638 | BA4: =SUMIF($B$7:$B$82,"YRG Care",BA7:BA82) -> 834 | BB4: =SUMIF($B$7:$B$82,"YRG Care",BB7:BB82) -> 25.810424 | BC4: =SUMIF($B$7:$B$82,"YRG Care",BC7:BC82) -> 77 | BD4: =SUMIF($B$7:$B$82,"YRG Care",BD7:BD82) -> 45 | BE4: =SUMIF($B$7:$B$82,"YRG Care",BE7:BE82) -> 9.1622807 | BF4: =SUMIF($B$7:$B$82,"YRG Care",BF7:BF82) -> 110 | BG4: =SUMIF($B$7:$B$82,"YRG Care",BG7:BG82) -> 99 | ... CF4: =SUMIF($B$7:$B$82,"YRG Care",CF7:CF82) -> 2.7563636
A5: 3 | B5: UPNP+ | C5: Uttar Pradesh | D5: 24 | F5: =F9 -> Apr-Dec'25 | G5: =SUMIF($B$7:$B$82,"UPNP+",G7:G82) -> 14225 | H5: =SUMIF($B$7:$B$82,"UPNP+",H7:H82) -> 12101 | I5: =H5/G5 -> 0.85068541 | J5: =SUMIF($B$7:$B$82,"UPNP+",J7:J82) -> 223 | K5: =SUMIF($B$7:$B$82,"UPNP+",K7:K82) -> 159 | L5: =K5/J5 -> 0.71300448 | M5: =SUMIF($B$7:$B$82,"UPNP+",M7:M82) -> 12808 | N5: =SUMIF($B$7:$B$82,"UPNP+",N7:N82) -> 12808 | O5: =N5/M5 -> 1 | P5: =SUMIF($B$7:$B$82,"UPNP+",P7:P82) -> 10676 | Q5: =SUMIF($B$7:$B$82,"UPNP+",Q7:Q82) -> 8958 | R5: =Q5/P5 -> 0.83907831 | S5: =SUMIF($B$7:$B$82,"UPNP+",S7:S82) -> 56355 | T5: =SUMIF($B$7:$B$82,"UPNP+",T7:T82) -> 45790 | U5: =T5/S5 -> 0.81252773 | V5: =SUMIF($B$7:$B$82,"UPNP+",V7:V82) -> 18100 | W5: =SUMIF($B$7:$B$82,"UPNP+",W7:W82) -> 13046 | X5: =W5/V5 -> 0.72077348 | Y5: =SUMIF($B$7:$B$82,"UPNP+",Y7:Y82) -> 5347 | Z5: =SUMIF($B$7:$B$82,"UPNP+",Z7:Z82) -> 5346 | AA5: =Z5/Y5 -> 0.99981298 | AB5: =SUMIF($B$7:$B$82,"UPNP+",AB7:AB82) -> 5281 | AC5: =SUMIF($B$7:$B$82,"UPNP+",AC7:AC82) -> 3844 | AD5: =AC5/AB5 -> 0.72789244 | AE5: =SUMIF($B$7:$B$82,"UPNP+",AE7:AE82) -> 23183 | AF5: =SUMIF($B$7:$B$82,"UPNP+",AF7:AF82) -> 19858 | AG5: =AF5/AE5 -> 0.85657594 | AH5: =SUMIF($B$7:$B$82,"UPNP+",AH7:AH82) -> 228 | AI5: =SUMIF($B$7:$B$82,"UPNP+",AI7:AI82) -> 209 | AJ5: =AI5/AH5 -> 0.91666667 | AK5: =SUMIF($B$7:$B$82,"UPNP+",AK7:AK82) -> 2555 | AL5: =SUMIF($B$7:$B$82,"UPNP+",AL7:AL82) -> 2152 | AM5: =AL5/AK5 -> 0.84227006 | AN5: =SUMIF($B$7:$B$82,"UPNP+",AN7:AN82) -> 2288 | AO5: =SUMIF($B$7:$B$82,"UPNP+",AO7:AO82) -> 2043 | AP5: =AO5/AN5 -> 0.89291958 | AQ5: =SUMIF($B$7:$B$82,"UPNP+",AQ7:AQ82) -> 32 | AR5: =SUMIF($B$7:$B$82,"UPNP+",AR7:AR82) -> 31 | AS5: =AR5/AQ5 -> 0.96875 | AT5: =SUMIF($B$7:$B$82,"UPNP+",AT7:AT82) -> 2163 | AU5: =SUMIF($B$7:$B$82,"UPNP+",AU7:AU82) -> 1951 | AV5: =AU5/AT5 -> 0.90198798 | AW5: =AN5+AQ5+AT5 -> 4483 | AX5: =AO5+AR5+AU5 -> 4025 | AY5: =AX5/AW5 -> 0.89783627 | AZ5: =SUMIF($B$7:$B$82,"UPNP+",AZ7:AZ82) -> 1806 | BA5: =SUMIF($B$7:$B$82,"UPNP+",BA7:BA82) -> 4210 | BB5: =SUMIF($B$7:$B$82,"UPNP+",BB7:BB82) -> 100.30075 | BC5: =SUMIF($B$7:$B$82,"UPNP+",BC7:BC82) -> 604 | BD5: =SUMIF($B$7:$B$82,"UPNP+",BD7:BD82) -> 604 | BE5: =SUMIF($B$7:$B$82,"UPNP+",BE7:BE82) -> 27 | BF5: =SUMIF($B$7:$B$82,"UPNP+",BF7:BF82) -> 788 | BG5: =SUMIF($B$7:$B$82,"UPNP+",BG7:BG82) -> 771 | ... CF5: =SUMIF($B$7:$B$82,"UPNP+",CF7:CF82) -> 13.728261
C6: Total | D6: =D5+D4+D3 -> 74 | G6: =G5+G4+G3 -> 37068 | H6: =H5+H4+H3 -> 33608 | I6: =H6/G6 -> 0.90665803 | J6: =J5+J4+J3 -> 6410 | K6: =K5+K4+K3 -> 5661 | L6: =K6/J6 -> 0.88315133 | M6: =M5+M4+M3 -> 33724 | N6: =N5+N4+N3 -> 32986 | O6: =N6/M6 -> 0.97811647 | P6: =P5+P4+P3 -> 27829 | Q6: =Q5+Q4+Q3 -> 23516 | R6: =Q6/P6 -> 0.84501779 | S6: =S5+S4+S3 -> 165187 | T6: =T5+T4+T3 -> 126742 | U6: =T6/S6 -> 0.76726377 | V6: =V5+V4+V3 -> 65350 | W6: =W5+W4+W3 -> 40463 | X6: =W6/V6 -> 0.61917368 | Y6: =Y5+Y4+Y3 -> 12924 | Z6: =Z5+Z4+Z3 -> 11729 | AA6: =Z6/Y6 -> 0.90753637 | AB6: =AB5+AB4+AB3 -> 10840 | AC6: =AC5+AC4+AC3 -> 6085 | AD6: =AC6/AB6 -> 0.56134686 | AE6: =AE5+AE4+AE3 -> 88508 | AF6: =AF5+AF4+AF3 -> 71470 | AG6: =AF6/AE6 -> 0.80749763 | AH6: =AH5+AH4+AH3 -> 494 | AI6: =AI5+AI4+AI3 -> 407 | AJ6: =AI6/AH6 -> 0.82388664 | AK6: =AK5+AK4+AK3 -> 11345 | AL6: =AL5+AL4+AL3 -> 6084 | AM6: =AL6/AK6 -> 0.53627149 | AN6: =AN5+AN4+AN3 -> 8448 | AO6: =AO5+AO4+AO3 -> 7343 | AP6: =AO6/AN6 -> 0.86919981 | AQ6: =AQ5+AQ4+AQ3 -> 379 | AR6: =AR5+AR4+AR3 -> 180 | AS6: =AR6/AQ6 -> 0.47493404 | AT6: =AT5+AT4+AT3 -> 6663 | AU6: =AU5+AU4+AU3 -> 5801 | AV6: =AU6/AT6 -> 0.87062885 | AW6: =AN6+AQ6+AT6 -> 15490 | AX6: =AO6+AR6+AU6 -> 13324 | AY6: =AX6/AW6 -> 0.86016785 | AZ6: =AZ5+AZ4+AZ3 -> 8165 | BA6: =BA5+BA4+BA3 -> 7795 | BB6: =IFERROR(BA6/AZ6,0) -> 0.95468463 | BC6: =BC5+BC4+BC3 -> 1100 | BD6: =BD5+BD4+BD3 -> 1134 | BE6: =IFERROR(BD6/BC6,0) -> 1.0309091 | BF6: =BF5+BF4+BF3 -> 1778 | BG6: =BG5+BG4+BG3 -> 1675 | BH6: =IFERROR(BG6/BF6,0) -> 0.94206974 | BI6: =BI5+BI4+BI3 -> 1594 | BJ6: =BJ5+BJ4+BJ3 -> 1509 | BK6: =IFERROR(BJ6/BI6,0) -> 0.94667503 | BL6: =BL5+BL4+BL3 -> 1208 | BM6: =BM5+BM4+BM3 -> 1088 | BN6: =IFERROR(BM6/BL6,0) -> 0.90066225 | BO6: =BO5+BO4+BO3 -> 1039 | BP6: =BP5+BP4+BP3 -> 901 | BQ6: =IFERROR(BP6/BO6,0) -> 0.86717998 | BR6: =BR5+BR4+BR3 -> 1072 | BS6: =BS5+BS4+BS3 -> 946 | BT6: =IFERROR(BS6/BR6,0) -> 0.88246269 | BU6: =BU5+BU4+BU3 -> 16 | BV6: =BV5+BV4+BV3 -> 15 | BW6: =IFERROR(BV6/BU6,0) -> 0.9375 | BX6: =BX5+BX4+BX3 -> 33608 | BY6: =BY5+BY4+BY3 -> 35388 | BZ6: =IFERROR(BY6/BX6,0) -> 1.0529636 | CA6: =CA5+CA4+CA3 -> 12395 | CB6: =CB5+CB4+CB3 -> 12512 | CC6: =IFERROR(CB6/CA6,0) -> 1.0094393 | CD6: =CD5+CD4+CD3 -> 1415 | CE6: =CE5+CE4+CE3 -> 1379 | CF6: =IFERROR(CE6/CD6,0) -> 0.9745583
A7: ='[2]Oct-Dec''25'!A7 -> 1 | B7: ='[2]Oct-Dec''25'!B7 -> CHRI | C7: ='[2]Oct-Dec''25'!C7 -> Arunachal Pradesh | D7: ='[2]Oct-Dec''25'!D7 -> ASSAM NETWORK OF POSITIVE PEOPLE(ANP+), DIBRUGARH | E7: ='[2]Oct-Dec''25'!E7 -> PAPUM PARE, NAMSAI | F7: Apr-Dec'25 | G7: ='[2]Oct-Dec''25'!H7+'[2]Apr-Sep''25'!H7 -> 298 | H7: ='[2]Oct-Dec''25'!I7+'[2]Apr-Sep''25'!I7 -> 223 | I7: =H7/G7 -> 0.74832215 | J7: ='[2]Oct-Dec''25'!K7+'[2]Apr-Sep''25'!K7 -> 529 | K7: ='[2]Oct-Dec''25'!L7+'[2]Apr-Sep''25'!L7 -> 529 | L7: =K7/J7 -> 1 | M7: ='[2]Oct-Dec''25'!N7+'[2]Apr-Sep''25'!N7 -> 288 | N7: ='[2]Oct-Dec''25'!O7+'[2]Apr-Sep''25'!O7 -> 288 | O7: =N7/M7 -> 1 | P7: ='[2]Oct-Dec''25'!Q7+'[2]Apr-Sep''25'!Q7 -> 127 | Q7: ='[2]Oct-Dec''25'!R7+'[2]Apr-Sep''25'!R7 -> 118 | R7: =Q7/P7 -> 0.92913386 | S7: ='[2]Oct-Dec''25'!T7+'[2]Apr-Sep''25'!T7 -> 1203 | T7: ='[2]Oct-Dec''25'!U7+'[2]Apr-Sep''25'!U7 -> 289 | U7: =T7/S7 -> 0.24023275 | V7: ='[2]Oct-Dec''25'!W7+'[2]Apr-Sep''25'!W7 -> 1086 | W7: ='[2]Oct-Dec''25'!Y7+'[2]Apr-Sep''25'!Y7 -> 476 | X7: =W7/V7 -> 0.43830571 | Y7: ='[2]Oct-Dec''25'!AA7+'[2]Apr-Sep''25'!AA7 -> 43 | Z7: ='[2]Oct-Dec''25'!AB7+'[2]Apr-Sep''25'!AB7 -> 37 | AA7: =Z7/Y7 -> 0.86046512 | AB7: ='[2]Oct-Dec''25'!AD7+'[2]Apr-Sep''25'!AD7 -> 0 | AC7: ='[2]Oct-Dec''25'!AE7+'[2]Apr-Sep''25'!AE7 -> 0 | AD7: =AC7/AB7 -> #DIV/0! | AE7: ='[2]Oct-Dec''25'!AJ7+'[2]Apr-Sep''25'!AJ7 -> 798 | AF7: ='[2]Oct-Dec''25'!AK7+'[2]Apr-Sep''25'!AK7 -> 338 | AG7: =AF7/AE7 -> 0.4235589 | AH7: ='[2]Oct-Dec''25'!AM7+'[2]Apr-Sep''25'!AM7 -> 0 | AI7: ='[2]Oct-Dec''25'!AN7+'[2]Apr-Sep''25'!AN7 -> 0 | AJ7: =AI7/AH7 -> #DIV/0! | AK7: ='[2]Oct-Dec''25'!AP7+'[2]Apr-Sep''25'!AP7 -> 78 | AL7: ='[2]Oct-Dec''25'!AQ7+'[2]Apr-Sep''25'!AQ7 -> 28 | AM7: =AL7/AK7 -> 0.35897436 | AN7: ='[2]Oct-Dec''25'!AS7+'[2]Apr-Sep''25'!AS7 -> 74 | AO7: ='[2]Oct-Dec''25'!AT7+'[2]Apr-Sep''25'!AT7 -> 71 | AP7: =AO7/AN7 -> 0.95945946 | AQ7: ='[2]Oct-Dec''25'!AV7+'[2]Apr-Sep''25'!AV7 -> 8 | AR7: ='[2]Oct-Dec''25'!AW7+'[2]Apr-Sep''25'!AW7 -> 8 | AS7: =AR7/AQ7 -> 1 | AT7: ='[2]Oct-Dec''25'!AY7+'[2]Apr-Sep''25'!AY7 -> 21 | AU7: ='[2]Oct-Dec''25'!AZ7+'[2]Apr-Sep''25'!AZ7 -> 21 | AV7: =AU7/AT7 -> 1 | AW7: =AN7+AQ7+AT7 -> 103 | AX7: =AO7+AR7+AU7 -> 100 | AY7: =AX7/AW7 -> 0.97087379 | AZ7: ='[2]Oct-Dec''25'!BB7+'[2]Apr-Sep''25'!BB7 -> 2 | BA7: ='[2]Oct-Dec''25'!BC7+'[2]Apr-Sep''25'!BC7 -> 2 | BB7: =IFERROR(BA7/AZ7,0) -> 1 | BC7: ='[2]Oct-Dec''25'!BE7+'[2]Apr-Sep''25'!BE7 -> 0 | BD7: ='[2]Oct-Dec''25'!BF7+'[2]Apr-Sep''25'!BF7 -> 0 | BE7: =IFERROR(BD7/BC7,0) -> 0 | BF7: ='[2]Oct-Dec''25'!BH7+'[2]Apr-Sep''25'!BH7 -> 5 | BG7: ='[2]Oct-Dec''25'!BI7+'[2]Apr-Sep''25'!BI7 -> 5 | BH7: =IFERROR(BG7/BF7,0) -> 1 | BI7: ='[2]Oct-Dec''25'!BK7+'[2]Apr-Sep''25'!BK7 -> 7 | BJ7: ='[2]Oct-Dec''25'!BL7+'[2]Apr-Sep''25'!BL7 -> 7 | BK7: =IFERROR(BJ7/BI7,0) -> 1 | BL7: ='[2]Oct-Dec''25'!BN7+'[2]Apr-Sep''25'!BN7 -> 0 | BM7: ='[2]Oct-Dec''25'!BO7+'[2]Apr-Sep''25'!BO7 -> 0 | BN7: =IFERROR(BM7/BL7,0) -> 0 | BO7: ='[2]Oct-Dec''25'!BQ7+'[2]Apr-Sep''25'!BQ7 -> 3 | BP7: ='[2]Oct-Dec''25'!BR7+'[2]Apr-Sep''25'!BR7 -> 3 | BQ7: =IFERROR(BP7/BO7,0) -> 1 | BR7: ='[2]Oct-Dec''25'!BT7+'[2]Apr-Sep''25'!BT7 -> 2 | BS7: ='[2]Oct-Dec''25'!BU7+'[2]Apr-Sep''25'!BU7 -> 2 | BT7: =IFERROR(BS7/BR7,0) -> 1 | BU7: ='[2]Oct-Dec''25'!BW7+'[2]Apr-Sep''25'!BW7 -> 0 | BV7: ='[2]Oct-Dec''25'!BX7+'[2]Apr-Sep''25'!BX7 -> 0 | BW7: =IFERROR(BV7/BU7,0) -> 0 | BX7: ='[2]Oct-Dec''25'!BZ7+'[2]Apr-Sep''25'!BZ7 -> 223 | BY7: ='[2]Oct-Dec''25'!CA7+'[2]Apr-Sep''25'!CA7 -> 201 | BZ7: =IFERROR(BY7/BX7,0) -> 0.90134529 | CA7: ='[2]Oct-Dec''25'!CC7+'[2]Apr-Sep''25'!CC7 -> 14 | CB7: ='[2]Oct-Dec''25'!CD7+'[2]Apr-Sep''25'!CD7 -> 11 | CC7: =IFERROR(CB7/CA7,0) -> 0.78571429 | CD7: ='[2]Oct-Dec''25'!CF7+'[2]Apr-Sep''25'!CF7 -> 5 | CE7: ='[2]Oct-Dec''25'!CG7+'[2]Apr-Sep''25'!CG7 -> 1 | CF7: =IFERROR(CE7/CD7,0) -> 0.2
A8: ='[2]Oct-Dec''25'!A8 -> 2 | B8: ='[2]Oct-Dec''25'!B8 -> CHRI | C8: ='[2]Oct-Dec''25'!C8 -> Assam | D8: ='[2]Oct-Dec''25'!D8 -> ASSAM NETWORK OF POSITIVE PEOPLE(ANP+), DIBRUGARH | E8: ='[2]Oct-Dec''25'!E8 -> DIBRUGARH | F8: Apr-Dec'25 | G8: ='[2]Oct-Dec''25'!H8+'[2]Apr-Sep''25'!H8 -> 600 | H8: ='[2]Oct-Dec''25'!I8+'[2]Apr-Sep''25'!I8 -> 558 | I8: =H8/G8 -> 0.93 | J8: ='[2]Oct-Dec''25'!K8+'[2]Apr-Sep''25'!K8 -> 6 | K8: ='[2]Oct-Dec''25'!L8+'[2]Apr-Sep''25'!L8 -> 6 | L8: =K8/J8 -> 1 | M8: ='[2]Oct-Dec''25'!N8+'[2]Apr-Sep''25'!N8 -> 543 | N8: ='[2]Oct-Dec''25'!O8+'[2]Apr-Sep''25'!O8 -> 540 | O8: =N8/M8 -> 0.99447514 | P8: ='[2]Oct-Dec''25'!Q8+'[2]Apr-Sep''25'!Q8 -> 481 | Q8: ='[2]Oct-Dec''25'!R8+'[2]Apr-Sep''25'!R8 -> 336 | R8: =Q8/P8 -> 0.6985447 | S8: ='[2]Oct-Dec''25'!T8+'[2]Apr-Sep''25'!T8 -> 1688 | T8: ='[2]Oct-Dec''25'!U8+'[2]Apr-Sep''25'!U8 -> 698 | U8: =T8/S8 -> 0.41350711 | V8: ='[2]Oct-Dec''25'!W8+'[2]Apr-Sep''25'!W8 -> 1307 | W8: ='[2]Oct-Dec''25'!Y8+'[2]Apr-Sep''25'!Y8 -> 398 | X8: =W8/V8 -> 0.30451415 | Y8: ='[2]Oct-Dec''25'!AA8+'[2]Apr-Sep''25'!AA8 -> 29 | Z8: ='[2]Oct-Dec''25'!AB8+'[2]Apr-Sep''25'!AB8 -> 29 | AA8: =Z8/Y8 -> 1 | AB8: ='[2]Oct-Dec''25'!AD8+'[2]Apr-Sep''25'!AD8 -> 26 | AC8: ='[2]Oct-Dec''25'!AE8+'[2]Apr-Sep''25'!AE8 -> 26 | AD8: =AC8/AB8 -> 1 | AE8: ='[2]Oct-Dec''25'!AJ8+'[2]Apr-Sep''25'!AJ8 -> 525 | AF8: ='[2]Oct-Dec''25'!AK8+'[2]Apr-Sep''25'!AK8 -> 418 | AG8: =AF8/AE8 -> 0.79619048 | AH8: ='[2]Oct-Dec''25'!AM8+'[2]Apr-Sep''25'!AM8 -> 0 | AI8: ='[2]Oct-Dec''25'!AN8+'[2]Apr-Sep''25'!AN8 -> 0 | AJ8: =AI8/AH8 -> #DIV/0! | AK8: ='[2]Oct-Dec''25'!AP8+'[2]Apr-Sep''25'!AP8 -> 35 | AL8: ='[2]Oct-Dec''25'!AQ8+'[2]Apr-Sep''25'!AQ8 -> 22 | AM8: =AL8/AK8 -> 0.62857143 | AN8: ='[2]Oct-Dec''25'!AS8+'[2]Apr-Sep''25'!AS8 -> 0 | AO8: ='[2]Oct-Dec''25'!AT8+'[2]Apr-Sep''25'!AT8 -> 48 | AP8: =AO8/AN8 -> #DIV/0! | AQ8: ='[2]Oct-Dec''25'!AV8+'[2]Apr-Sep''25'!AV8 -> 0 | AR8: ='[2]Oct-Dec''25'!AW8+'[2]Apr-Sep''25'!AW8 -> 0 | AS8: =AR8/AQ8 -> #DIV/0! | AT8: ='[2]Oct-Dec''25'!AY8+'[2]Apr-Sep''25'!AY8 -> 0 | AU8: ='[2]Oct-Dec''25'!AZ8+'[2]Apr-Sep''25'!AZ8 -> 0 | AV8: =AU8/AT8 -> #DIV/0! | AW8: =AN8+AQ8+AT8 -> 0 | AX8: =AO8+AR8+AU8 -> 48 | AY8: =AX8/AW8 -> #DIV/0! | AZ8: ='[2]Oct-Dec''25'!BB8+'[2]Apr-Sep''25'!BB8 -> 0 | BA8: ='[2]Oct-Dec''25'!BC8+'[2]Apr-Sep''25'!BC8 -> 0 | BB8: =IFERROR(BA8/AZ8,0) -> 0 | BC8: ='[2]Oct-Dec''25'!BE8+'[2]Apr-Sep''25'!BE8 -> 4 | BD8: ='[2]Oct-Dec''25'!BF8+'[2]Apr-Sep''25'!BF8 -> 4 | BE8: =IFERROR(BD8/BC8,0) -> 1 | BF8: ='[2]Oct-Dec''25'!BH8+'[2]Apr-Sep''25'!BH8 -> 0 | BG8: ='[2]Oct-Dec''25'!BI8+'[2]Apr-Sep''25'!BI8 -> 0 | BH8: =IFERROR(BG8/BF8,0) -> 0 | BI8: ='[2]Oct-Dec''25'!BK8+'[2]Apr-Sep''25'!BK8 -> 4 | BJ8: ='[2]Oct-Dec''25'!BL8+'[2]Apr-Sep''25'!BL8 -> 6 | BK8: =IFERROR(BJ8/BI8,0) -> 1.5 | BL8: ='[2]Oct-Dec''25'!BN8+'[2]Apr-Sep''25'!BN8 -> 0 | BM8: ='[2]Oct-Dec''25'!BO8+'[2]Apr-Sep''25'!BO8 -> 0 | BN8: =IFERROR(BM8/BL8,0) -> 0 | BO8: ='[2]Oct-Dec''25'!BQ8+'[2]Apr-Sep''25'!BQ8 -> 1 | BP8: ='[2]Oct-Dec''25'!BR8+'[2]Apr-Sep''25'!BR8 -> 1 | BQ8: =IFERROR(BP8/BO8,0) -> 1 | BR8: ='[2]Oct-Dec''25'!BT8+'[2]Apr-Sep''25'!BT8 -> 0 | BS8: ='[2]Oct-Dec''25'!BU8+'[2]Apr-Sep''25'!BU8 -> 0 | BT8: =IFERROR(BS8/BR8,0) -> 0 | BU8: ='[2]Oct-Dec''25'!BW8+'[2]Apr-Sep''25'!BW8 -> 0 | BV8: ='[2]Oct-Dec''25'!BX8+'[2]Apr-Sep''25'!BX8 -> 0 | BW8: =IFERROR(BV8/BU8,0) -> 0 | BX8: ='[2]Oct-Dec''25'!BZ8+'[2]Apr-Sep''25'!BZ8 -> 558 | BY8: ='[2]Oct-Dec''25'!CA8+'[2]Apr-Sep''25'!CA8 -> 459 | BZ8: =IFERROR(BY8/BX8,0) -> 0.82258065 | CA8: ='[2]Oct-Dec''25'!CC8+'[2]Apr-Sep''25'!CC8 -> 10 | CB8: ='[2]Oct-Dec''25'!CD8+'[2]Apr-Sep''25'!CD8 -> 10 | CC8: =IFERROR(CB8/CA8,0) -> 1 | CD8: ='[2]Oct-Dec''25'!CF8+'[2]Apr-Sep''25'!CF8 -> 0 | CE8: ='[2]Oct-Dec''25'!CG8+'[2]Apr-Sep''25'!CG8 -> 0 | CF8: =IFERROR(CE8/CD8,0) -> 0
A9: ='[2]Oct-Dec''25'!A9 -> 3 | B9: ='[2]Oct-Dec''25'!B9 -> CHRI | C9: ='[2]Oct-Dec''25'!C9 -> Assam | D9: ='[2]Oct-Dec''25'!D9 -> DESHABANDHU CLUB | E9: ='[2]Oct-Dec''25'!E9 -> CACHAR | F9: Apr-Dec'25 | G9: ='[2]Oct-Dec''25'!H9+'[2]Apr-Sep''25'!H9 -> 439 | H9: ='[2]Oct-Dec''25'!I9+'[2]Apr-Sep''25'!I9 -> 465 | I9: =H9/G9 -> 1.0592255 | J9: ='[2]Oct-Dec''25'!K9+'[2]Apr-Sep''25'!K9 -> 73 | K9: ='[2]Oct-Dec''25'!L9+'[2]Apr-Sep''25'!L9 -> 34 | L9: =K9/J9 -> 0.46575342 | M9: ='[2]Oct-Dec''25'!N9+'[2]Apr-Sep''25'!N9 -> 448 | N9: ='[2]Oct-Dec''25'!O9+'[2]Apr-Sep''25'!O9 -> 441 | O9: =N9/M9 -> 0.984375 | P9: ='[2]Oct-Dec''25'!Q9+'[2]Apr-Sep''25'!Q9 -> 370 | Q9: ='[2]Oct-Dec''25'!R9+'[2]Apr-Sep''25'!R9 -> 306 | R9: =Q9/P9 -> 0.82702703 | S9: ='[2]Oct-Dec''25'!T9+'[2]Apr-Sep''25'!T9 -> 2941 | T9: ='[2]Oct-Dec''25'!U9+'[2]Apr-Sep''25'!U9 -> 2583 | U9: =T9/S9 -> 0.8782727 | V9: ='[2]Oct-Dec''25'!W9+'[2]Apr-Sep''25'!W9 -> 1444 | W9: ='[2]Oct-Dec''25'!Y9+'[2]Apr-Sep''25'!Y9 -> 815 | X9: =W9/V9 -> 0.56440443 | Y9: ='[2]Oct-Dec''25'!AA9+'[2]Apr-Sep''25'!AA9 -> 320 | Z9: ='[2]Oct-Dec''25'!AB9+'[2]Apr-Sep''25'!AB9 -> 320 | AA9: =Z9/Y9 -> 1 | AB9: ='[2]Oct-Dec''25'!AD9+'[2]Apr-Sep''25'!AD9 -> 106 | AC9: ='[2]Oct-Dec''25'!AE9+'[2]Apr-Sep''25'!AE9 -> 77 | AD9: =AC9/AB9 -> 0.72641509 | AE9: ='[2]Oct-Dec''25'!AJ9+'[2]Apr-Sep''25'!AJ9 -> 382 | AF9: ='[2]Oct-Dec''25'!AK9+'[2]Apr-Sep''25'!AK9 -> 321 | AG9: =AF9/AE9 -> 0.84031414 | AH9: ='[2]Oct-Dec''25'!AM9+'[2]Apr-Sep''25'!AM9 -> 1 | AI9: ='[2]Oct-Dec''25'!AN9+'[2]Apr-Sep''25'!AN9 -> 1 | AJ9: =AI9/AH9 -> 1 | AK9: ='[2]Oct-Dec''25'!AP9+'[2]Apr-Sep''25'!AP9 -> 118 | AL9: ='[2]Oct-Dec''25'!AQ9+'[2]Apr-Sep''25'!AQ9 -> 116 | AM9: =AL9/AK9 -> 0.98305085 | AN9: ='[2]Oct-Dec''25'!AS9+'[2]Apr-Sep''25'!AS9 -> 137 | AO9: ='[2]Oct-Dec''25'!AT9+'[2]Apr-Sep''25'!AT9 -> 131 | AP9: =AO9/AN9 -> 0.95620438 | AQ9: ='[2]Oct-Dec''25'!AV9+'[2]Apr-Sep''25'!AV9 -> 4 | AR9: ='[2]Oct-Dec''25'!AW9+'[2]Apr-Sep''25'!AW9 -> 4 | AS9: =AR9/AQ9 -> 1 | AT9: ='[2]Oct-Dec''25'!AY9+'[2]Apr-Sep''25'!AY9 -> 86 | AU9: ='[2]Oct-Dec''25'!AZ9+'[2]Apr-Sep''25'!AZ9 -> 85 | AV9: =AU9/AT9 -> 0.98837209 | AW9: =AN9+AQ9+AT9 -> 227 | AX9: =AO9+AR9+AU9 -> 220 | AY9: =AX9/AW9 -> 0.969163 | AZ9: ='[2]Oct-Dec''25'!BB9+'[2]Apr-Sep''25'!BB9 -> 73 | BA9: ='[2]Oct-Dec''25'!BC9+'[2]Apr-Sep''25'!BC9 -> 72 | BB9: =IFERROR(BA9/AZ9,0) -> 0.98630137 | BC9: ='[2]Oct-Dec''25'!BE9+'[2]Apr-Sep''25'!BE9 -> 25 | BD9: ='[2]Oct-Dec''25'!BF9+'[2]Apr-Sep''25'!BF9 -> 28 | BE9: =IFERROR(BD9/BC9,0) -> 1.12 | BF9: ='[2]Oct-Dec''25'!BH9+'[2]Apr-Sep''25'!BH9 -> 37 | BG9: ='[2]Oct-Dec''25'!BI9+'[2]Apr-Sep''25'!BI9 -> 37 | BH9: =IFERROR(BG9/BF9,0) -> 1 | BI9: ='[2]Oct-Dec''25'!BK9+'[2]Apr-Sep''25'!BK9 -> 28 | BJ9: ='[2]Oct-Dec''25'!BL9+'[2]Apr-Sep''25'!BL9 -> 27 | BK9: =IFERROR(BJ9/BI9,0) -> 0.96428571 | BL9: ='[2]Oct-Dec''25'!BN9+'[2]Apr-Sep''25'!BN9 -> 27 | BM9: ='[2]Oct-Dec''25'!BO9+'[2]Apr-Sep''25'!BO9 -> 26 | BN9: =IFERROR(BM9/BL9,0) -> 0.96296296 | BO9: ='[2]Oct-Dec''25'!BQ9+'[2]Apr-Sep''25'!BQ9 -> 12 | BP9: ='[2]Oct-Dec''25'!BR9+'[2]Apr-Sep''25'!BR9 -> 11 | BQ9: =IFERROR(BP9/BO9,0) -> 0.91666667 | BR9: ='[2]Oct-Dec''25'!BT9+'[2]Apr-Sep''25'!BT9 -> 29 | BS9: ='[2]Oct-Dec''25'!BU9+'[2]Apr-Sep''25'!BU9 -> 21 | BT9: =IFERROR(BS9/BR9,0) -> 0.72413793 | BU9: ='[2]Oct-Dec''25'!BW9+'[2]Apr-Sep''25'!BW9 -> 2 | BV9: ='[2]Oct-Dec''25'!BX9+'[2]Apr-Sep''25'!BX9 -> 2 | BW9: =IFERROR(BV9/BU9,0) -> 1 | BX9: ='[2]Oct-Dec''25'!BZ9+'[2]Apr-Sep''25'!BZ9 -> 465 | BY9: ='[2]Oct-Dec''25'!CA9+'[2]Apr-Sep''25'!CA9 -> 480 | BZ9: =IFERROR(BY9/BX9,0) -> 1.0322581 | CA9: ='[2]Oct-Dec''25'!CC9+'[2]Apr-Sep''25'!CC9 -> 121 | CB9: ='[2]Oct-Dec''25'!CD9+'[2]Apr-Sep''25'!CD9 -> 89 | CC9: =IFERROR(CB9/CA9,0) -> 0.73553719 | CD9: ='[2]Oct-Dec''25'!CF9+'[2]Apr-Sep''25'!CF9 -> 57 | CE9: ='[2]Oct-Dec''25'!CG9+'[2]Apr-Sep''25'!CG9 -> 93 | CF9: =IFERROR(CE9/CD9,0) -> 1.6315789
A10: ='[2]Oct-Dec''25'!A10 -> 4 | B10: ='[2]Oct-Dec''25'!B10 -> CHRI | C10: ='[2]Oct-Dec''25'!C10 -> Assam | D10: ='[2]Oct-Dec''25'!D10 -> ASSAM NETWORK OF POSITIVE PEOPLE(ANP+), KAMRUP | E10: ='[2]Oct-Dec''25'!E10 -> KAMRUP | F10: Apr-Dec'25 | G10: ='[2]Oct-Dec''25'!H10+'[2]Apr-Sep''25'!H10 -> 1353 | H10: ='[2]Oct-Dec''25'!I10+'[2]Apr-Sep''25'!I10 -> 1207 | I10: =H10/G10 -> 0.89209165 | J10: ='[2]Oct-Dec''25'!K10+'[2]Apr-Sep''25'!K10 -> 0 | K10: ='[2]Oct-Dec''25'!L10+'[2]Apr-Sep''25'!L10 -> 0 | M10: ='[2]Oct-Dec''25'!N10+'[2]Apr-Sep''25'!N10 -> 761 | N10: ='[2]Oct-Dec''25'!O10+'[2]Apr-Sep''25'!O10 -> 413 | O10: =N10/M10 -> 0.54270696 | P10: ='[2]Oct-Dec''25'!Q10+'[2]Apr-Sep''25'!Q10 -> 198 | Q10: ='[2]Oct-Dec''25'!R10+'[2]Apr-Sep''25'!R10 -> 164 | R10: =Q10/P10 -> 0.82828283 | S10: ='[2]Oct-Dec''25'!T10+'[2]Apr-Sep''25'!T10 -> 3626 | T10: ='[2]Oct-Dec''25'!U10+'[2]Apr-Sep''25'!U10 -> 1183 | U10: =T10/S10 -> 0.32625483 | V10: ='[2]Oct-Dec''25'!W10+'[2]Apr-Sep''25'!W10 -> 5386 | W10: ='[2]Oct-Dec''25'!Y10+'[2]Apr-Sep''25'!Y10 -> 949 | X10: =W10/V10 -> 0.17619755 | Y10: ='[2]Oct-Dec''25'!AA10+'[2]Apr-Sep''25'!AA10 -> 1094 | Z10: ='[2]Oct-Dec''25'!AB10+'[2]Apr-Sep''25'!AB10 -> 148 | AA10: =Z10/Y10 -> 0.13528336 | AB10: ='[2]Oct-Dec''25'!AD10+'[2]Apr-Sep''25'!AD10 -> 0 | AC10: ='[2]Oct-Dec''25'!AE10+'[2]Apr-Sep''25'!AE10 -> 0 | AD10: =AC10/AB10 -> #DIV/0! | AE10: ='[2]Oct-Dec''25'!AJ10+'[2]Apr-Sep''25'!AJ10 -> 2423 | AF10: ='[2]Oct-Dec''25'!AK10+'[2]Apr-Sep''25'!AK10 -> 963 | AG10: =AF10/AE10 -> 0.39744119 | AH10: ='[2]Oct-Dec''25'!AM10+'[2]Apr-Sep''25'!AM10 -> 0 | AI10: ='[2]Oct-Dec''25'!AN10+'[2]Apr-Sep''25'!AN10 -> 0 | AJ10: =AI10/AH10 -> #DIV/0! | AK10: ='[2]Oct-Dec''25'!AP10+'[2]Apr-Sep''25'!AP10 -> 208 | AL10: ='[2]Oct-Dec''25'!AQ10+'[2]Apr-Sep''25'!AQ10 -> 40 | AM10: =AL10/AK10 -> 0.19230769 | AN10: ='[2]Oct-Dec''25'!AS10+'[2]Apr-Sep''25'!AS10 -> 2326 | AO10: ='[2]Oct-Dec''25'!AT10+'[2]Apr-Sep''25'!AT10 -> 2291 | AP10: =AO10/AN10 -> 0.98495271 | AQ10: ='[2]Oct-Dec''25'!AV10+'[2]Apr-Sep''25'!AV10 -> 0 | AR10: ='[2]Oct-Dec''25'!AW10+'[2]Apr-Sep''25'!AW10 -> 0 | AS10: =AR10/AQ10 -> #DIV/0! | AT10: ='[2]Oct-Dec''25'!AY10+'[2]Apr-Sep''25'!AY10 -> 0 | AU10: ='[2]Oct-Dec''25'!AZ10+'[2]Apr-Sep''25'!AZ10 -> 0 | AV10: =AU10/AT10 -> #DIV/0! | AW10: =AN10+AQ10+AT10 -> 2326 | AX10: =AO10+AR10+AU10 -> 2291 | AY10: =AX10/AW10 -> 0.98495271 | AZ10: ='[2]Oct-Dec''25'!BB10+'[2]Apr-Sep''25'!BB10 -> 1837 | BA10: ='[2]Oct-Dec''25'!BC10+'[2]Apr-Sep''25'!BC10 -> 152 | BB10: =IFERROR(BA10/AZ10,0) -> 0.082743604 | BC10: ='[2]Oct-Dec''25'!BE10+'[2]Apr-Sep''25'!BE10 -> 0 | BD10: ='[2]Oct-Dec''25'!BF10+'[2]Apr-Sep''25'!BF10 -> 0 | BE10: =IFERROR(BD10/BC10,0) -> 0 | BF10: ='[2]Oct-Dec''25'!BH10+'[2]Apr-Sep''25'!BH10 -> 38 | BG10: ='[2]Oct-Dec''25'!BI10+'[2]Apr-Sep''25'!BI10 -> 38 | BH10: =IFERROR(BG10/BF10,0) -> 1 | BI10: ='[2]Oct-Dec''25'!BK10+'[2]Apr-Sep''25'!BK10 -> 11 | BJ10: ='[2]Oct-Dec''25'!BL10+'[2]Apr-Sep''25'!BL10 -> 10 | BK10: =IFERROR(BJ10/BI10,0) -> 0.90909091 | BL10: ='[2]Oct-Dec''25'!BN10+'[2]Apr-Sep''25'!BN10 -> 12 | BM10: ='[2]Oct-Dec''25'!BO10+'[2]Apr-Sep''25'!BO10 -> 12 | BN10: =IFERROR(BM10/BL10,0) -> 1 | BO10: ='[2]Oct-Dec''25'!BQ10+'[2]Apr-Sep''25'!BQ10 -> 4 | BP10: ='[2]Oct-Dec''25'!BR10+'[2]Apr-Sep''25'!BR10 -> 6 | BQ10: =IFERROR(BP10/BO10,0) -> 1.5 | BR10: ='[2]Oct-Dec''25'!BT10+'[2]Apr-Sep''25'!BT10 -> 3 | BS10: ='[2]Oct-Dec''25'!BU10+'[2]Apr-Sep''25'!BU10 -> 1 | BT10: =IFERROR(BS10/BR10,0) -> 0.33333333 | BU10: ='[2]Oct-Dec''25'!BW10+'[2]Apr-Sep''25'!BW10 -> 0 | BV10: ='[2]Oct-Dec''25'!BX10+'[2]Apr-Sep''25'!BX10 -> 0 | BW10: =IFERROR(BV10/BU10,0) -> 0 | BX10: ='[2]Oct-Dec''25'!BZ10+'[2]Apr-Sep''25'!BZ10 -> 1207 | BY10: ='[2]Oct-Dec''25'!CA10+'[2]Apr-Sep''25'!CA10 -> 988 | BZ10: =IFERROR(BY10/BX10,0) -> 0.81855841 | CA10: ='[2]Oct-Dec''25'!CC10+'[2]Apr-Sep''25'!CC10 -> 10 | CB10: ='[2]Oct-Dec''25'!CD10+'[2]Apr-Sep''25'!CD10 -> 48 | CC10: =IFERROR(CB10/CA10,0) -> 4.8 | CD10: ='[2]Oct-Dec''25'!CF10+'[2]Apr-Sep''25'!CF10 -> 0 | CE10: ='[2]Oct-Dec''25'!CG10+'[2]Apr-Sep''25'!CG10 -> 0 | CF10: =IFERROR(CE10/CD10,0) -> 0
A11: ='[2]Oct-Dec''25'!A11 -> 5 | B11: ='[2]Oct-Dec''25'!B11 -> CHRI | C11: ='[2]Oct-Dec''25'!C11 -> Bihar | D11: ='[2]Oct-Dec''25'!D11 -> BNP+ | E11: ='[2]Oct-Dec''25'!E11 -> BHAGALPUR | F11: Apr-Dec'25 | G11: ='[2]Oct-Dec''25'!H11+'[2]Apr-Sep''25'!H11 -> 443 | H11: ='[2]Oct-Dec''25'!I11+'[2]Apr-Sep''25'!I11 -> 497 | I11: =H11/G11 -> 1.1218962 | J11: ='[2]Oct-Dec''25'!K11+'[2]Apr-Sep''25'!K11 -> 444 | K11: ='[2]Oct-Dec''25'!L11+'[2]Apr-Sep''25'!L11 -> 444 | L11: =K11/J11 -> 1 | M11: ='[2]Oct-Dec''25'!N11+'[2]Apr-Sep''25'!N11 -> 392 | N11: ='[2]Oct-Dec''25'!O11+'[2]Apr-Sep''25'!O11 -> 390 | O11: =N11/M11 -> 0.99489796 | P11: ='[2]Oct-Dec''25'!Q11+'[2]Apr-Sep''25'!Q11 -> 348 | Q11: ='[2]Oct-Dec''25'!R11+'[2]Apr-Sep''25'!R11 -> 328 | R11: =Q11/P11 -> 0.94252874 | S11: ='[2]Oct-Dec''25'!T11+'[2]Apr-Sep''25'!T11 -> 1907 | T11: ='[2]Oct-Dec''25'!U11+'[2]Apr-Sep''25'!U11 -> 1615 | U11: =T11/S11 -> 0.84687992 | V11: ='[2]Oct-Dec''25'!W11+'[2]Apr-Sep''25'!W11 -> 1340 | W11: ='[2]Oct-Dec''25'!Y11+'[2]Apr-Sep''25'!Y11 -> 993 | X11: =W11/V11 -> 0.74104478 | Y11: ='[2]Oct-Dec''25'!AA11+'[2]Apr-Sep''25'!AA11 -> 62 | Z11: ='[2]Oct-Dec''25'!AB11+'[2]Apr-Sep''25'!AB11 -> 62 | AA11: =Z11/Y11 -> 1 | AB11: ='[2]Oct-Dec''25'!AD11+'[2]Apr-Sep''25'!AD11 -> 9 | AC11: ='[2]Oct-Dec''25'!AE11+'[2]Apr-Sep''25'!AE11 -> 9 | AD11: =AC11/AB11 -> 1 | AE11: ='[2]Oct-Dec''25'!AJ11+'[2]Apr-Sep''25'!AJ11 -> 2189 | AF11: ='[2]Oct-Dec''25'!AK11+'[2]Apr-Sep''25'!AK11 -> 2004 | AG11: =AF11/AE11 -> 0.91548652 | AH11: ='[2]Oct-Dec''25'!AM11+'[2]Apr-Sep''25'!AM11 -> 0 | AI11: ='[2]Oct-Dec''25'!AN11+'[2]Apr-Sep''25'!AN11 -> 0 | AJ11: =AI11/AH11 -> #DIV/0! | AK11: ='[2]Oct-Dec''25'!AP11+'[2]Apr-Sep''25'!AP11 -> 150 | AL11: ='[2]Oct-Dec''25'!AQ11+'[2]Apr-Sep''25'!AQ11 -> 128 | AM11: =AL11/AK11 -> 0.85333333 | AN11: ='[2]Oct-Dec''25'!AS11+'[2]Apr-Sep''25'!AS11 -> 83 | AO11: ='[2]Oct-Dec''25'!AT11+'[2]Apr-Sep''25'!AT11 -> 79 | AP11: =AO11/AN11 -> 0.95180723 | AQ11: ='[2]Oct-Dec''25'!AV11+'[2]Apr-Sep''25'!AV11 -> 0 | AR11: ='[2]Oct-Dec''25'!AW11+'[2]Apr-Sep''25'!AW11 -> 0 | AS11: =AR11/AQ11 -> #DIV/0! | AT11: ='[2]Oct-Dec''25'!AY11+'[2]Apr-Sep''25'!AY11 -> 163 | AU11: ='[2]Oct-Dec''25'!AZ11+'[2]Apr-Sep''25'!AZ11 -> 163 | AV11: =AU11/AT11 -> 1 | AW11: =AN11+AQ11+AT11 -> 246 | AX11: =AO11+AR11+AU11 -> 242 | AY11: =AX11/AW11 -> 0.98373984 | AZ11: ='[2]Oct-Dec''25'!BB11+'[2]Apr-Sep''25'!BB11 -> 96 | BA11: ='[2]Oct-Dec''25'!BC11+'[2]Apr-Sep''25'!BC11 -> 91 | BB11: =IFERROR(BA11/AZ11,0) -> 0.94791667 | BC11: ='[2]Oct-Dec''25'!BE11+'[2]Apr-Sep''25'!BE11 -> 24 | BD11: ='[2]Oct-Dec''25'!BF11+'[2]Apr-Sep''25'!BF11 -> 24 | BE11: =IFERROR(BD11/BC11,0) -> 1 | BF11: ='[2]Oct-Dec''25'!BH11+'[2]Apr-Sep''25'!BH11 -> 20 | BG11: ='[2]Oct-Dec''25'!BI11+'[2]Apr-Sep''25'!BI11 -> 20 | BH11: =IFERROR(BG11/BF11,0) -> 1 | BI11: ='[2]Oct-Dec''25'!BK11+'[2]Apr-Sep''25'!BK11 -> 32 | BJ11: ='[2]Oct-Dec''25'!BL11+'[2]Apr-Sep''25'!BL11 -> 36 | BK11: =IFERROR(BJ11/BI11,0) -> 1.125 | BL11: ='[2]Oct-Dec''25'!BN11+'[2]Apr-Sep''25'!BN11 -> 20 | BM11: ='[2]Oct-Dec''25'!BO11+'[2]Apr-Sep''25'!BO11 -> 20 | BN11: =IFERROR(BM11/BL11,0) -> 1 | BO11: ='[2]Oct-Dec''25'!BQ11+'[2]Apr-Sep''25'!BQ11 -> 25 | BP11: ='[2]Oct-Dec''25'!BR11+'[2]Apr-Sep''25'!BR11 -> 24 | BQ11: =IFERROR(BP11/BO11,0) -> 0.96 | BR11: ='[2]Oct-Dec''25'!BT11+'[2]Apr-Sep''25'!BT11 -> 37 | BS11: ='[2]Oct-Dec''25'!BU11+'[2]Apr-Sep''25'!BU11 -> 34 | BT11: =IFERROR(BS11/BR11,0) -> 0.91891892 | BU11: ='[2]Oct-Dec''25'!BW11+'[2]Apr-Sep''25'!BW11 -> 0 | BV11: ='[2]Oct-Dec''25'!BX11+'[2]Apr-Sep''25'!BX11 -> 0 | BW11: =IFERROR(BV11/BU11,0) -> 0 | BX11: ='[2]Oct-Dec''25'!BZ11+'[2]Apr-Sep''25'!BZ11 -> 497 | BY11: ='[2]Oct-Dec''25'!CA11+'[2]Apr-Sep''25'!CA11 -> 1278 | BZ11: =IFERROR(BY11/BX11,0) -> 2.5714286 | CA11: ='[2]Oct-Dec''25'!CC11+'[2]Apr-Sep''25'!CC11 -> 72 | CB11: ='[2]Oct-Dec''25'!CD11+'[2]Apr-Sep''25'!CD11 -> 71 | CC11: =IFERROR(CB11/CA11,0) -> 0.98611111 | CD11: ='[2]Oct-Dec''25'!CF11+'[2]Apr-Sep''25'!CF11 -> 0 | CE11: ='[2]Oct-Dec''25'!CG11+'[2]Apr-Sep''25'!CG11 -> 0 | CF11: =IFERROR(CE11/CD11,0) -> 0
A12: ='[2]Oct-Dec''25'!A12 -> 6 | B12: ='[2]Oct-Dec''25'!B12 -> CHRI | C12: ='[2]Oct-Dec''25'!C12 -> Bihar | D12: ='[2]Oct-Dec''25'!D12 -> BNP+ | E12: ='[2]Oct-Dec''25'!E12 -> DARBHANGA | F12: Apr-Dec'25 | G12: ='[2]Oct-Dec''25'!H12+'[2]Apr-Sep''25'!H12 -> 250 | H12: ='[2]Oct-Dec''25'!I12+'[2]Apr-Sep''25'!I12 -> 240 | I12: =H12/G12 -> 0.96 | J12: ='[2]Oct-Dec''25'!K12+'[2]Apr-Sep''25'!K12 -> 192 | K12: ='[2]Oct-Dec''25'!L12+'[2]Apr-Sep''25'!L12 -> 189 | L12: =K12/J12 -> 0.984375 | M12: ='[2]Oct-Dec''25'!N12+'[2]Apr-Sep''25'!N12 -> 247 | N12: ='[2]Oct-Dec''25'!O12+'[2]Apr-Sep''25'!O12 -> 247 | O12: =N12/M12 -> 1 | P12: ='[2]Oct-Dec''25'!Q12+'[2]Apr-Sep''25'!Q12 -> 220 | Q12: ='[2]Oct-Dec''25'!R12+'[2]Apr-Sep''25'!R12 -> 202 | R12: =Q12/P12 -> 0.91818182 | S12: ='[2]Oct-Dec''25'!T12+'[2]Apr-Sep''25'!T12 -> 1167 | T12: ='[2]Oct-Dec''25'!U12+'[2]Apr-Sep''25'!U12 -> 1053 | U12: =T12/S12 -> 0.90231362 | V12: ='[2]Oct-Dec''25'!W12+'[2]Apr-Sep''25'!W12 -> 355 | W12: ='[2]Oct-Dec''25'!Y12+'[2]Apr-Sep''25'!Y12 -> 308 | X12: =W12/V12 -> 0.86760563 | Y12: ='[2]Oct-Dec''25'!AA12+'[2]Apr-Sep''25'!AA12 -> 0 | Z12: ='[2]Oct-Dec''25'!AB12+'[2]Apr-Sep''25'!AB12 -> 0 | AA12: =Z12/Y12 -> #DIV/0! | AB12: ='[2]Oct-Dec''25'!AD12+'[2]Apr-Sep''25'!AD12 -> 0 | AC12: ='[2]Oct-Dec''25'!AE12+'[2]Apr-Sep''25'!AE12 -> 0 | AD12: =AC12/AB12 -> #DIV/0! | AE12: ='[2]Oct-Dec''25'!AJ12+'[2]Apr-Sep''25'!AJ12 -> 916 | AF12: ='[2]Oct-Dec''25'!AK12+'[2]Apr-Sep''25'!AK12 -> 915 | AG12: =AF12/AE12 -> 0.9989083 | AH12: ='[2]Oct-Dec''25'!AM12+'[2]Apr-Sep''25'!AM12 -> 0 | AI12: ='[2]Oct-Dec''25'!AN12+'[2]Apr-Sep''25'!AN12 -> 0 | AJ12: =AI12/AH12 -> #DIV/0! | AK12: ='[2]Oct-Dec''25'!AP12+'[2]Apr-Sep''25'!AP12 -> 81 | AL12: ='[2]Oct-Dec''25'!AQ12+'[2]Apr-Sep''25'!AQ12 -> 42 | AM12: =AL12/AK12 -> 0.51851852 | AN12: ='[2]Oct-Dec''25'!AS12+'[2]Apr-Sep''25'!AS12 -> 56 | AO12: ='[2]Oct-Dec''25'!AT12+'[2]Apr-Sep''25'!AT12 -> 40 | AP12: =AO12/AN12 -> 0.71428571 | AQ12: ='[2]Oct-Dec''25'!AV12+'[2]Apr-Sep''25'!AV12 -> 0 | AR12: ='[2]Oct-Dec''25'!AW12+'[2]Apr-Sep''25'!AW12 -> 0 | AS12: =AR12/AQ12 -> #DIV/0! | AT12: ='[2]Oct-Dec''25'!AY12+'[2]Apr-Sep''25'!AY12 -> 91 | AU12: ='[2]Oct-Dec''25'!AZ12+'[2]Apr-Sep''25'!AZ12 -> 78 | AV12: =AU12/AT12 -> 0.85714286 | AW12: =AN12+AQ12+AT12 -> 147 | AX12: =AO12+AR12+AU12 -> 118 | AY12: =AX12/AW12 -> 0.80272109 | AZ12: ='[2]Oct-Dec''25'!BB12+'[2]Apr-Sep''25'!BB12 -> 69 | BA12: ='[2]Oct-Dec''25'!BC12+'[2]Apr-Sep''25'!BC12 -> 57 | BB12: =IFERROR(BA12/AZ12,0) -> 0.82608696 | BC12: ='[2]Oct-Dec''25'!BE12+'[2]Apr-Sep''25'!BE12 -> 9 | BD12: ='[2]Oct-Dec''25'!BF12+'[2]Apr-Sep''25'!BF12 -> 9 | BE12: =IFERROR(BD12/BC12,0) -> 1 | BF12: ='[2]Oct-Dec''25'!BH12+'[2]Apr-Sep''25'!BH12 -> 10 | BG12: ='[2]Oct-Dec''25'!BI12+'[2]Apr-Sep''25'!BI12 -> 10 | BH12: =IFERROR(BG12/BF12,0) -> 1 | BI12: ='[2]Oct-Dec''25'!BK12+'[2]Apr-Sep''25'!BK12 -> 20 | BJ12: ='[2]Oct-Dec''25'!BL12+'[2]Apr-Sep''25'!BL12 -> 19 | BK12: =IFERROR(BJ12/BI12,0) -> 0.95 | BL12: ='[2]Oct-Dec''25'!BN12+'[2]Apr-Sep''25'!BN12 -> 8 | BM12: ='[2]Oct-Dec''25'!BO12+'[2]Apr-Sep''25'!BO12 -> 7 | BN12: =IFERROR(BM12/BL12,0) -> 0.875 | BO12: ='[2]Oct-Dec''25'!BQ12+'[2]Apr-Sep''25'!BQ12 -> 7 | BP12: ='[2]Oct-Dec''25'!BR12+'[2]Apr-Sep''25'!BR12 -> 6 | BQ12: =IFERROR(BP12/BO12,0) -> 0.85714286 | BR12: ='[2]Oct-Dec''25'!BT12+'[2]Apr-Sep''25'!BT12 -> 13 | BS12: ='[2]Oct-Dec''25'!BU12+'[2]Apr-Sep''25'!BU12 -> 13 | BT12: =IFERROR(BS12/BR12,0) -> 1 | BU12: ='[2]Oct-Dec''25'!BW12+'[2]Apr-Sep''25'!BW12 -> 0 | BV12: ='[2]Oct-Dec''25'!BX12+'[2]Apr-Sep''25'!BX12 -> 0 | BW12: =IFERROR(BV12/BU12,0) -> 0 | BX12: ='[2]Oct-Dec''25'!BZ12+'[2]Apr-Sep''25'!BZ12 -> 240 | BY12: ='[2]Oct-Dec''25'!CA12+'[2]Apr-Sep''25'!CA12 -> 244 | BZ12: =IFERROR(BY12/BX12,0) -> 1.0166667 | CA12: ='[2]Oct-Dec''25'!CC12+'[2]Apr-Sep''25'!CC12 -> 48 | CB12: ='[2]Oct-Dec''25'!CD12+'[2]Apr-Sep''25'!CD12 -> 48 | CC12: =IFERROR(CB12/CA12,0) -> 1 | CD12: ='[2]Oct-Dec''25'!CF12+'[2]Apr-Sep''25'!CF12 -> 7 | CE12: ='[2]Oct-Dec''25'!CG12+'[2]Apr-Sep''25'!CG12 -> 7 | CF12: =IFERROR(CE12/CD12,0) -> 1
A13: ='[2]Oct-Dec''25'!A13 -> 7 | B13: ='[2]Oct-Dec''25'!B13 -> CHRI | C13: ='[2]Oct-Dec''25'!C13 -> Bihar | D13: ='[2]Oct-Dec''25'!D13 -> BJUP JEEVAN JYOTHI | E13: ='[2]Oct-Dec''25'!E13 -> GAYA | F13: Apr-Dec'25 | G13: ='[2]Oct-Dec''25'!H13+'[2]Apr-Sep''25'!H13 -> 350 | H13: ='[2]Oct-Dec''25'!I13+'[2]Apr-Sep''25'!I13 -> 317 | I13: =H13/G13 -> 0.90571429 | J13: ='[2]Oct-Dec''25'!K13+'[2]Apr-Sep''25'!K13 -> 264 | K13: ='[2]Oct-Dec''25'!L13+'[2]Apr-Sep''25'!L13 -> 235 | L13: =K13/J13 -> 0.89015152 | M13: ='[2]Oct-Dec''25'!N13+'[2]Apr-Sep''25'!N13 -> 318 | N13: ='[2]Oct-Dec''25'!O13+'[2]Apr-Sep''25'!O13 -> 314 | O13: =N13/M13 -> 0.98742138 | P13: ='[2]Oct-Dec''25'!Q13+'[2]Apr-Sep''25'!Q13 -> 294 | Q13: ='[2]Oct-Dec''25'!R13+'[2]Apr-Sep''25'!R13 -> 261 | R13: =Q13/P13 -> 0.8877551 | S13: ='[2]Oct-Dec''25'!T13+'[2]Apr-Sep''25'!T13 -> 948 | T13: ='[2]Oct-Dec''25'!U13+'[2]Apr-Sep''25'!U13 -> 730 | U13: =T13/S13 -> 0.77004219 | V13: ='[2]Oct-Dec''25'!W13+'[2]Apr-Sep''25'!W13 -> 431 | W13: ='[2]Oct-Dec''25'!Y13+'[2]Apr-Sep''25'!Y13 -> 360 | X13: =W13/V13 -> 0.83526682 | Y13: ='[2]Oct-Dec''25'!AA13+'[2]Apr-Sep''25'!AA13 -> 4 | Z13: ='[2]Oct-Dec''25'!AB13+'[2]Apr-Sep''25'!AB13 -> 4 | AA13: =Z13/Y13 -> 1 | AB13: ='[2]Oct-Dec''25'!AD13+'[2]Apr-Sep''25'!AD13 -> 10 | AC13: ='[2]Oct-Dec''25'!AE13+'[2]Apr-Sep''25'!AE13 -> 5 | AD13: =AC13/AB13 -> 0.5 | AE13: ='[2]Oct-Dec''25'!AJ13+'[2]Apr-Sep''25'!AJ13 -> 1602 | AF13: ='[2]Oct-Dec''25'!AK13+'[2]Apr-Sep''25'!AK13 -> 1578 | AG13: =AF13/AE13 -> 0.98501873 | AH13: ='[2]Oct-Dec''25'!AM13+'[2]Apr-Sep''25'!AM13 -> 0 | AI13: ='[2]Oct-Dec''25'!AN13+'[2]Apr-Sep''25'!AN13 -> 0 | AJ13: =AI13/AH13 -> #DIV/0! | AK13: ='[2]Oct-Dec''25'!AP13+'[2]Apr-Sep''25'!AP13 -> 44 | AL13: ='[2]Oct-Dec''25'!AQ13+'[2]Apr-Sep''25'!AQ13 -> 32 | AM13: =AL13/AK13 -> 0.72727273 | AN13: ='[2]Oct-Dec''25'!AS13+'[2]Apr-Sep''25'!AS13 -> 74 | AO13: ='[2]Oct-Dec''25'!AT13+'[2]Apr-Sep''25'!AT13 -> 74 | AP13: =AO13/AN13 -> 1 | AQ13: ='[2]Oct-Dec''25'!AV13+'[2]Apr-Sep''25'!AV13 -> 0 | AR13: ='[2]Oct-Dec''25'!AW13+'[2]Apr-Sep''25'!AW13 -> 0 | AS13: =AR13/AQ13 -> #DIV/0! | AT13: ='[2]Oct-Dec''25'!AY13+'[2]Apr-Sep''25'!AY13 -> 177 | AU13: ='[2]Oct-Dec''25'!AZ13+'[2]Apr-Sep''25'!AZ13 -> 177 | AV13: =AU13/AT13 -> 1 | AW13: =AN13+AQ13+AT13 -> 251 | AX13: =AO13+AR13+AU13 -> 251 | AY13: =AX13/AW13 -> 1 | AZ13: ='[2]Oct-Dec''25'!BB13+'[2]Apr-Sep''25'!BB13 -> 176 | BA13: ='[2]Oct-Dec''25'!BC13+'[2]Apr-Sep''25'!BC13 -> 176 | BB13: =IFERROR(BA13/AZ13,0) -> 1 | BC13: ='[2]Oct-Dec''25'!BE13+'[2]Apr-Sep''25'!BE13 -> 17 | BD13: ='[2]Oct-Dec''25'!BF13+'[2]Apr-Sep''25'!BF13 -> 17 | BE13: =IFERROR(BD13/BC13,0) -> 1 | BF13: ='[2]Oct-Dec''25'!BH13+'[2]Apr-Sep''25'!BH13 -> 25 | BG13: ='[2]Oct-Dec''25'!BI13+'[2]Apr-Sep''25'!BI13 -> 25 | BH13: =IFERROR(BG13/BF13,0) -> 1 | BI13: ='[2]Oct-Dec''25'!BK13+'[2]Apr-Sep''25'!BK13 -> 55 | BJ13: ='[2]Oct-Dec''25'!BL13+'[2]Apr-Sep''25'!BL13 -> 53 | BK13: =IFERROR(BJ13/BI13,0) -> 0.96363636 | BL13: ='[2]Oct-Dec''25'!BN13+'[2]Apr-Sep''25'!BN13 -> 36 | BM13: ='[2]Oct-Dec''25'!BO13+'[2]Apr-Sep''25'!BO13 -> 35 | BN13: =IFERROR(BM13/BL13,0) -> 0.97222222 | BO13: ='[2]Oct-Dec''25'!BQ13+'[2]Apr-Sep''25'!BQ13 -> 34 | BP13: ='[2]Oct-Dec''25'!BR13+'[2]Apr-Sep''25'!BR13 -> 33 | BQ13: =IFERROR(BP13/BO13,0) -> 0.97058824 | BR13: ='[2]Oct-Dec''25'!BT13+'[2]Apr-Sep''25'!BT13 -> 57 | BS13: ='[2]Oct-Dec''25'!BU13+'[2]Apr-Sep''25'!BU13 -> 53 | BT13: =IFERROR(BS13/BR13,0) -> 0.92982456 | BU13: ='[2]Oct-Dec''25'!BW13+'[2]Apr-Sep''25'!BW13 -> 0 | BV13: ='[2]Oct-Dec''25'!BX13+'[2]Apr-Sep''25'!BX13 -> 0 | BW13: =IFERROR(BV13/BU13,0) -> 0 | BX13: ='[2]Oct-Dec''25'!BZ13+'[2]Apr-Sep''25'!BZ13 -> 317 | BY13: ='[2]Oct-Dec''25'!CA13+'[2]Apr-Sep''25'!CA13 -> 317 | BZ13: =IFERROR(BY13/BX13,0) -> 1 | CA13: ='[2]Oct-Dec''25'!CC13+'[2]Apr-Sep''25'!CC13 -> 42 | CB13: ='[2]Oct-Dec''25'!CD13+'[2]Apr-Sep''25'!CD13 -> 34 | CC13: =IFERROR(CB13/CA13,0) -> 0.80952381 | CD13: ='[2]Oct-Dec''25'!CF13+'[2]Apr-Sep''25'!CF13 -> 0 | CE13: ='[2]Oct-Dec''25'!CG13+'[2]Apr-Sep''25'!CG13 -> 0 | CF13: =IFERROR(CE13/CD13,0) -> 0
A14: ='[2]Oct-Dec''25'!A14 -> 8 | B14: ='[2]Oct-Dec''25'!B14 -> CHRI | C14: ='[2]Oct-Dec''25'!C14 -> Bihar | D14: ='[2]Oct-Dec''25'!D14 -> KNP+ | E14: ='[2]Oct-Dec''25'!E14 -> KATIHAR | F14: Apr-Dec'25 | G14: ='[2]Oct-Dec''25'!H14+'[2]Apr-Sep''25'!H14 -> 623 | H14: ='[2]Oct-Dec''25'!I14+'[2]Apr-Sep''25'!I14 -> 487 | I14: =H14/G14 -> 0.78170144 | J14: ='[2]Oct-Dec''25'!K14+'[2]Apr-Sep''25'!K14 -> 397 | K14: ='[2]Oct-Dec''25'!L14+'[2]Apr-Sep''25'!L14 -> 390 | L14: =K14/J14 -> 0.98236776 | M14: ='[2]Oct-Dec''25'!N14+'[2]Apr-Sep''25'!N14 -> 465 | N14: ='[2]Oct-Dec''25'!O14+'[2]Apr-Sep''25'!O14 -> 465 | O14: =N14/M14 -> 1 | P14: ='[2]Oct-Dec''25'!Q14+'[2]Apr-Sep''25'!Q14 -> 432 | Q14: ='[2]Oct-Dec''25'!R14+'[2]Apr-Sep''25'!R14 -> 332 | R14: =Q14/P14 -> 0.76851852 | S14: ='[2]Oct-Dec''25'!T14+'[2]Apr-Sep''25'!T14 -> 706 | T14: ='[2]Oct-Dec''25'!U14+'[2]Apr-Sep''25'!U14 -> 702 | U14: =T14/S14 -> 0.99433428 | V14: ='[2]Oct-Dec''25'!W14+'[2]Apr-Sep''25'!W14 -> 673 | W14: ='[2]Oct-Dec''25'!Y14+'[2]Apr-Sep''25'!Y14 -> 652 | X14: =W14/V14 -> 0.96879643 | Y14: ='[2]Oct-Dec''25'!AA14+'[2]Apr-Sep''25'!AA14 -> 72 | Z14: ='[2]Oct-Dec''25'!AB14+'[2]Apr-Sep''25'!AB14 -> 72 | AA14: =Z14/Y14 -> 1 | AB14: ='[2]Oct-Dec''25'!AD14+'[2]Apr-Sep''25'!AD14 -> 4 | AC14: ='[2]Oct-Dec''25'!AE14+'[2]Apr-Sep''25'!AE14 -> 4 | AD14: =AC14/AB14 -> 1 | AE14: ='[2]Oct-Dec''25'!AJ14+'[2]Apr-Sep''25'!AJ14 -> 3136 | AF14: ='[2]Oct-Dec''25'!AK14+'[2]Apr-Sep''25'!AK14 -> 3136 | AG14: =AF14/AE14 -> 1 | AH14: ='[2]Oct-Dec''25'!AM14+'[2]Apr-Sep''25'!AM14 -> 0 | AI14: ='[2]Oct-Dec''25'!AN14+'[2]Apr-Sep''25'!AN14 -> 0 | AJ14: =AI14/AH14 -> #DIV/0! | AK14: ='[2]Oct-Dec''25'!AP14+'[2]Apr-Sep''25'!AP14 -> 56 | AL14: ='[2]Oct-Dec''25'!AQ14+'[2]Apr-Sep''25'!AQ14 -> 52 | AM14: =AL14/AK14 -> 0.92857143 | AN14: ='[2]Oct-Dec''25'!AS14+'[2]Apr-Sep''25'!AS14 -> 106 | AO14: ='[2]Oct-Dec''25'!AT14+'[2]Apr-Sep''25'!AT14 -> 106 | AP14: =AO14/AN14 -> 1 | AQ14: ='[2]Oct-Dec''25'!AV14+'[2]Apr-Sep''25'!AV14 -> 0 | AR14: ='[2]Oct-Dec''25'!AW14+'[2]Apr-Sep''25'!AW14 -> 0 | AS14: =AR14/AQ14 -> #DIV/0! | AT14: ='[2]Oct-Dec''25'!AY14+'[2]Apr-Sep''25'!AY14 -> 345 | AU14: ='[2]Oct-Dec''25'!AZ14+'[2]Apr-Sep''25'!AZ14 -> 345 | AV14: =AU14/AT14 -> 1 | AW14: =AN14+AQ14+AT14 -> 451 | AX14: =AO14+AR14+AU14 -> 451 | AY14: =AX14/AW14 -> 1 | AZ14: ='[2]Oct-Dec''25'!BB14+'[2]Apr-Sep''25'!BB14 -> 167 | BA14: ='[2]Oct-Dec''25'!BC14+'[2]Apr-Sep''25'!BC14 -> 167 | BB14: =IFERROR(BA14/AZ14,0) -> 1 | BC14: ='[2]Oct-Dec''25'!BE14+'[2]Apr-Sep''25'!BE14 -> 21 | BD14: ='[2]Oct-Dec''25'!BF14+'[2]Apr-Sep''25'!BF14 -> 21 | BE14: =IFERROR(BD14/BC14,0) -> 1 | BF14: ='[2]Oct-Dec''25'!BH14+'[2]Apr-Sep''25'!BH14 -> 42 | BG14: ='[2]Oct-Dec''25'!BI14+'[2]Apr-Sep''25'!BI14 -> 42 | BH14: =IFERROR(BG14/BF14,0) -> 1 | BI14: ='[2]Oct-Dec''25'!BK14+'[2]Apr-Sep''25'!BK14 -> 26 | BJ14: ='[2]Oct-Dec''25'!BL14+'[2]Apr-Sep''25'!BL14 -> 26 | BK14: =IFERROR(BJ14/BI14,0) -> 1 | BL14: ='[2]Oct-Dec''25'!BN14+'[2]Apr-Sep''25'!BN14 -> 25 | BM14: ='[2]Oct-Dec''25'!BO14+'[2]Apr-Sep''25'!BO14 -> 25 | BN14: =IFERROR(BM14/BL14,0) -> 1 | BO14: ='[2]Oct-Dec''25'!BQ14+'[2]Apr-Sep''25'!BQ14 -> 29 | BP14: ='[2]Oct-Dec''25'!BR14+'[2]Apr-Sep''25'!BR14 -> 27 | BQ14: =IFERROR(BP14/BO14,0) -> 0.93103448 | BR14: ='[2]Oct-Dec''25'!BT14+'[2]Apr-Sep''25'!BT14 -> 46 | BS14: ='[2]Oct-Dec''25'!BU14+'[2]Apr-Sep''25'!BU14 -> 46 | BT14: =IFERROR(BS14/BR14,0) -> 1 | BU14: ='[2]Oct-Dec''25'!BW14+'[2]Apr-Sep''25'!BW14 -> 0 | BV14: ='[2]Oct-Dec''25'!BX14+'[2]Apr-Sep''25'!BX14 -> 0 | BW14: =IFERROR(BV14/BU14,0) -> 0 | BX14: ='[2]Oct-Dec''25'!BZ14+'[2]Apr-Sep''25'!BZ14 -> 487 | BY14: ='[2]Oct-Dec''25'!CA14+'[2]Apr-Sep''25'!CA14 -> 488 | BZ14: =IFERROR(BY14/BX14,0) -> 1.0020534 | CA14: ='[2]Oct-Dec''25'!CC14+'[2]Apr-Sep''25'!CC14 -> 48 | CB14: ='[2]Oct-Dec''25'!CD14+'[2]Apr-Sep''25'!CD14 -> 48 | CC14: =IFERROR(CB14/CA14,0) -> 1 | CD14: ='[2]Oct-Dec''25'!CF14+'[2]Apr-Sep''25'!CF14 -> 0 | CE14: ='[2]Oct-Dec''25'!CG14+'[2]Apr-Sep''25'!CG14 -> 0 | CF14: =IFERROR(CE14/CD14,0) -> 0
A15: ='[2]Oct-Dec''25'!A15 -> 9 | B15: ='[2]Oct-Dec''25'!B15 -> CHRI | C15: ='[2]Oct-Dec''25'!C15 -> Bihar | D15: ='[2]Oct-Dec''25'!D15 -> BNP+ | E15: ='[2]Oct-Dec''25'!E15 -> MADHUBANI | F15: Apr-Dec'25 | G15: ='[2]Oct-Dec''25'!H15+'[2]Apr-Sep''25'!H15 -> 536 | H15: ='[2]Oct-Dec''25'!I15+'[2]Apr-Sep''25'!I15 -> 449 | I15: =H15/G15 -> 0.83768657 | J15: ='[2]Oct-Dec''25'!K15+'[2]Apr-Sep''25'!K15 -> 386 | K15: ='[2]Oct-Dec''25'!L15+'[2]Apr-Sep''25'!L15 -> 386 | L15: =K15/J15 -> 1 | M15: ='[2]Oct-Dec''25'!N15+'[2]Apr-Sep''25'!N15 -> 476 | N15: ='[2]Oct-Dec''25'!O15+'[2]Apr-Sep''25'!O15 -> 476 | O15: =N15/M15 -> 1 | P15: ='[2]Oct-Dec''25'!Q15+'[2]Apr-Sep''25'!Q15 -> 381 | Q15: ='[2]Oct-Dec''25'!R15+'[2]Apr-Sep''25'!R15 -> 365 | R15: =Q15/P15 -> 0.95800525 | S15: ='[2]Oct-Dec''25'!T15+'[2]Apr-Sep''25'!T15 -> 1541 | T15: ='[2]Oct-Dec''25'!U15+'[2]Apr-Sep''25'!U15 -> 1248 | U15: =T15/S15 -> 0.80986372 | V15: ='[2]Oct-Dec''25'!W15+'[2]Apr-Sep''25'!W15 -> 719 | W15: ='[2]Oct-Dec''25'!Y15+'[2]Apr-Sep''25'!Y15 -> 380 | X15: =W15/V15 -> 0.52851182 | Y15: ='[2]Oct-Dec''25'!AA15+'[2]Apr-Sep''25'!AA15 -> 0 | Z15: ='[2]Oct-Dec''25'!AB15+'[2]Apr-Sep''25'!AB15 -> 0 | AA15: =Z15/Y15 -> #DIV/0! | AB15: ='[2]Oct-Dec''25'!AD15+'[2]Apr-Sep''25'!AD15 -> 0 | AC15: ='[2]Oct-Dec''25'!AE15+'[2]Apr-Sep''25'!AE15 -> 0 | AD15: =AC15/AB15 -> #DIV/0! | AE15: ='[2]Oct-Dec''25'!AJ15+'[2]Apr-Sep''25'!AJ15 -> 448 | AF15: ='[2]Oct-Dec''25'!AK15+'[2]Apr-Sep''25'!AK15 -> 417 | AG15: =AF15/AE15 -> 0.93080357 | AH15: ='[2]Oct-Dec''25'!AM15+'[2]Apr-Sep''25'!AM15 -> 0 | AI15: ='[2]Oct-Dec''25'!AN15+'[2]Apr-Sep''25'!AN15 -> 0 | AJ15: =AI15/AH15 -> #DIV/0! | AK15: ='[2]Oct-Dec''25'!AP15+'[2]Apr-Sep''25'!AP15 -> 50 | AL15: ='[2]Oct-Dec''25'!AQ15+'[2]Apr-Sep''25'!AQ15 -> 50 | AM15: =AL15/AK15 -> 1 | AN15: ='[2]Oct-Dec''25'!AS15+'[2]Apr-Sep''25'!AS15 -> 157 | AO15: ='[2]Oct-Dec''25'!AT15+'[2]Apr-Sep''25'!AT15 -> 76 | AP15: =AO15/AN15 -> 0.48407643 | AQ15: ='[2]Oct-Dec''25'!AV15+'[2]Apr-Sep''25'!AV15 -> 135 | AR15: ='[2]Oct-Dec''25'!AW15+'[2]Apr-Sep''25'!AW15 -> 0 | AS15: =AR15/AQ15 -> 0 | AT15: ='[2]Oct-Dec''25'!AY15+'[2]Apr-Sep''25'!AY15 -> 38 | AU15: ='[2]Oct-Dec''25'!AZ15+'[2]Apr-Sep''25'!AZ15 -> 38 | AV15: =AU15/AT15 -> 1 | AW15: =AN15+AQ15+AT15 -> 330 | AX15: =AO15+AR15+AU15 -> 114 | AY15: =AX15/AW15 -> 0.34545455 | AZ15: ='[2]Oct-Dec''25'!BB15+'[2]Apr-Sep''25'!BB15 -> 37 | BA15: ='[2]Oct-Dec''25'!BC15+'[2]Apr-Sep''25'!BC15 -> 36 | BB15: =IFERROR(BA15/AZ15,0) -> 0.97297297 | BC15: ='[2]Oct-Dec''25'!BE15+'[2]Apr-Sep''25'!BE15 -> 16 | BD15: ='[2]Oct-Dec''25'!BF15+'[2]Apr-Sep''25'!BF15 -> 16 | BE15: =IFERROR(BD15/BC15,0) -> 1 | BF15: ='[2]Oct-Dec''25'!BH15+'[2]Apr-Sep''25'!BH15 -> 6 | BG15: ='[2]Oct-Dec''25'!BI15+'[2]Apr-Sep''25'!BI15 -> 6 | BH15: =IFERROR(BG15/BF15,0) -> 1 | BI15: ='[2]Oct-Dec''25'!BK15+'[2]Apr-Sep''25'!BK15 -> 19 | BJ15: ='[2]Oct-Dec''25'!BL15+'[2]Apr-Sep''25'!BL15 -> 22 | BK15: =IFERROR(BJ15/BI15,0) -> 1.1578947 | BL15: ='[2]Oct-Dec''25'!BN15+'[2]Apr-Sep''25'!BN15 -> 18 | BM15: ='[2]Oct-Dec''25'!BO15+'[2]Apr-Sep''25'!BO15 -> 18 | BN15: =IFERROR(BM15/BL15,0) -> 1 | BO15: ='[2]Oct-Dec''25'!BQ15+'[2]Apr-Sep''25'!BQ15 -> 7 | BP15: ='[2]Oct-Dec''25'!BR15+'[2]Apr-Sep''25'!BR15 -> 7 | BQ15: =IFERROR(BP15/BO15,0) -> 1 | BR15: ='[2]Oct-Dec''25'!BT15+'[2]Apr-Sep''25'!BT15 -> 10 | BS15: ='[2]Oct-Dec''25'!BU15+'[2]Apr-Sep''25'!BU15 -> 10 | BT15: =IFERROR(BS15/BR15,0) -> 1 | BU15: ='[2]Oct-Dec''25'!BW15+'[2]Apr-Sep''25'!BW15 -> 1 | BV15: ='[2]Oct-Dec''25'!BX15+'[2]Apr-Sep''25'!BX15 -> 1 | BW15: =IFERROR(BV15/BU15,0) -> 1 | BX15: ='[2]Oct-Dec''25'!BZ15+'[2]Apr-Sep''25'!BZ15 -> 449 | BY15: ='[2]Oct-Dec''25'!CA15+'[2]Apr-Sep''25'!CA15 -> 1335 | BZ15: =IFERROR(BY15/BX15,0) -> 2.9732739 | CA15: ='[2]Oct-Dec''25'!CC15+'[2]Apr-Sep''25'!CC15 -> 61 | CB15: ='[2]Oct-Dec''25'!CD15+'[2]Apr-Sep''25'!CD15 -> 67 | CC15: =IFERROR(CB15/CA15,0) -> 1.0983607 | CD15: ='[2]Oct-Dec''25'!CF15+'[2]Apr-Sep''25'!CF15 -> 0 | CE15: ='[2]Oct-Dec''25'!CG15+'[2]Apr-Sep''25'!CG15 -> 0 | CF15: =IFERROR(CE15/CD15,0) -> 0
A16: ='[2]Oct-Dec''25'!A16 -> 10 | B16: ='[2]Oct-Dec''25'!B16 -> CHRI | C16: ='[2]Oct-Dec''25'!C16 -> Bihar | D16: ='[2]Oct-Dec''25'!D16 -> NIRDESH | E16: ='[2]Oct-Dec''25'!E16 -> EAST CHAMPARAN | F16: Apr-Dec'25 | G16: ='[2]Oct-Dec''25'!H16+'[2]Apr-Sep''25'!H16 -> 919 | H16: ='[2]Oct-Dec''25'!I16+'[2]Apr-Sep''25'!I16 -> 937 | I16: =H16/G16 -> 1.0195865 | J16: ='[2]Oct-Dec''25'!K16+'[2]Apr-Sep''25'!K16 -> 990 | K16: ='[2]Oct-Dec''25'!L16+'[2]Apr-Sep''25'!L16 -> 990 | L16: =K16/J16 -> 1 | M16: ='[2]Oct-Dec''25'!N16+'[2]Apr-Sep''25'!N16 -> 830 | N16: ='[2]Oct-Dec''25'!O16+'[2]Apr-Sep''25'!O16 -> 830 | O16: =N16/M16 -> 1 | P16: ='[2]Oct-Dec''25'!Q16+'[2]Apr-Sep''25'!Q16 -> 710 | Q16: ='[2]Oct-Dec''25'!R16+'[2]Apr-Sep''25'!R16 -> 678 | R16: =Q16/P16 -> 0.95492958 | S16: ='[2]Oct-Dec''25'!T16+'[2]Apr-Sep''25'!T16 -> 4174 | T16: ='[2]Oct-Dec''25'!U16+'[2]Apr-Sep''25'!U16 -> 4104 | U16: =T16/S16 -> 0.98322952 | V16: ='[2]Oct-Dec''25'!W16+'[2]Apr-Sep''25'!W16 -> 491 | W16: ='[2]Oct-Dec''25'!Y16+'[2]Apr-Sep''25'!Y16 -> 457 | X16: =W16/V16 -> 0.93075356 | Y16: ='[2]Oct-Dec''25'!AA16+'[2]Apr-Sep''25'!AA16 -> 0 | Z16: ='[2]Oct-Dec''25'!AB16+'[2]Apr-Sep''25'!AB16 -> 0 | AA16: =Z16/Y16 -> #DIV/0! | AB16: ='[2]Oct-Dec''25'!AD16+'[2]Apr-Sep''25'!AD16 -> 0 | AC16: ='[2]Oct-Dec''25'!AE16+'[2]Apr-Sep''25'!AE16 -> 0 | AD16: =AC16/AB16 -> #DIV/0! | AE16: ='[2]Oct-Dec''25'!AJ16+'[2]Apr-Sep''25'!AJ16 -> 3746 | AF16: ='[2]Oct-Dec''25'!AK16+'[2]Apr-Sep''25'!AK16 -> 3746 | AG16: =AF16/AE16 -> 1 | AH16: ='[2]Oct-Dec''25'!AM16+'[2]Apr-Sep''25'!AM16 -> 0 | AI16: ='[2]Oct-Dec''25'!AN16+'[2]Apr-Sep''25'!AN16 -> 0 | AJ16: =AI16/AH16 -> #DIV/0! | AK16: ='[2]Oct-Dec''25'!AP16+'[2]Apr-Sep''25'!AP16 -> 110 | AL16: ='[2]Oct-Dec''25'!AQ16+'[2]Apr-Sep''25'!AQ16 -> 110 | AM16: =AL16/AK16 -> 1 | AN16: ='[2]Oct-Dec''25'!AS16+'[2]Apr-Sep''25'!AS16 -> 518 | AO16: ='[2]Oct-Dec''25'!AT16+'[2]Apr-Sep''25'!AT16 -> 518 | AP16: =AO16/AN16 -> 1 | AQ16: ='[2]Oct-Dec''25'!AV16+'[2]Apr-Sep''25'!AV16 -> 0 | AR16: ='[2]Oct-Dec''25'!AW16+'[2]Apr-Sep''25'!AW16 -> 0 | AS16: =AR16/AQ16 -> #DIV/0! | AT16: ='[2]Oct-Dec''25'!AY16+'[2]Apr-Sep''25'!AY16 -> 832 | AU16: ='[2]Oct-Dec''25'!AZ16+'[2]Apr-Sep''25'!AZ16 -> 806 | AV16: =AU16/AT16 -> 0.96875 | AW16: =AN16+AQ16+AT16 -> 1350 | AX16: =AO16+AR16+AU16 -> 1324 | AY16: =AX16/AW16 -> 0.98074074 | AZ16: ='[2]Oct-Dec''25'!BB16+'[2]Apr-Sep''25'!BB16 -> 237 | BA16: ='[2]Oct-Dec''25'!BC16+'[2]Apr-Sep''25'!BC16 -> 237 | BB16: =IFERROR(BA16/AZ16,0) -> 1 | BC16: ='[2]Oct-Dec''25'!BE16+'[2]Apr-Sep''25'!BE16 -> 35 | BD16: ='[2]Oct-Dec''25'!BF16+'[2]Apr-Sep''25'!BF16 -> 35 | BE16: =IFERROR(BD16/BC16,0) -> 1 | BF16: ='[2]Oct-Dec''25'!BH16+'[2]Apr-Sep''25'!BH16 -> 31 | BG16: ='[2]Oct-Dec''25'!BI16+'[2]Apr-Sep''25'!BI16 -> 31 | BH16: =IFERROR(BG16/BF16,0) -> 1 | BI16: ='[2]Oct-Dec''25'!BK16+'[2]Apr-Sep''25'!BK16 -> 53 | BJ16: ='[2]Oct-Dec''25'!BL16+'[2]Apr-Sep''25'!BL16 -> 53 | BK16: =IFERROR(BJ16/BI16,0) -> 1 | BL16: ='[2]Oct-Dec''25'!BN16+'[2]Apr-Sep''25'!BN16 -> 21 | BM16: ='[2]Oct-Dec''25'!BO16+'[2]Apr-Sep''25'!BO16 -> 21 | BN16: =IFERROR(BM16/BL16,0) -> 1 | BO16: ='[2]Oct-Dec''25'!BQ16+'[2]Apr-Sep''25'!BQ16 -> 17 | BP16: ='[2]Oct-Dec''25'!BR16+'[2]Apr-Sep''25'!BR16 -> 17 | BQ16: =IFERROR(BP16/BO16,0) -> 1 | BR16: ='[2]Oct-Dec''25'!BT16+'[2]Apr-Sep''25'!BT16 -> 53 | BS16: ='[2]Oct-Dec''25'!BU16+'[2]Apr-Sep''25'!BU16 -> 46 | BT16: =IFERROR(BS16/BR16,0) -> 0.86792453 | BU16: ='[2]Oct-Dec''25'!BW16+'[2]Apr-Sep''25'!BW16 -> 0 | BV16: ='[2]Oct-Dec''25'!BX16+'[2]Apr-Sep''25'!BX16 -> 0 | BW16: =IFERROR(BV16/BU16,0) -> 0 | BX16: ='[2]Oct-Dec''25'!BZ16+'[2]Apr-Sep''25'!BZ16 -> 937 | BY16: ='[2]Oct-Dec''25'!CA16+'[2]Apr-Sep''25'!CA16 -> 927 | BZ16: =IFERROR(BY16/BX16,0) -> 0.98932764 | CA16: ='[2]Oct-Dec''25'!CC16+'[2]Apr-Sep''25'!CC16 -> 92 | CB16: ='[2]Oct-Dec''25'!CD16+'[2]Apr-Sep''25'!CD16 -> 92 | CC16: =IFERROR(CB16/CA16,0) -> 1 | CD16: ='[2]Oct-Dec''25'!CF16+'[2]Apr-Sep''25'!CF16 -> 6 | CE16: ='[2]Oct-Dec''25'!CG16+'[2]Apr-Sep''25'!CG16 -> 6 | CF16: =IFERROR(CE16/CD16,0) -> 1
A17: ='[2]Oct-Dec''25'!A17 -> 11 | B17: ='[2]Oct-Dec''25'!B17 -> CHRI | C17: ='[2]Oct-Dec''25'!C17 -> Bihar | D17: ='[2]Oct-Dec''25'!D17 -> BNP+ | E17: ='[2]Oct-Dec''25'!E17 -> MUZAFFARPUR | F17: Apr-Dec'25 | G17: ='[2]Oct-Dec''25'!H17+'[2]Apr-Sep''25'!H17 -> 386 | H17: ='[2]Oct-Dec''25'!I17+'[2]Apr-Sep''25'!I17 -> 369 | I17: =H17/G17 -> 0.95595855 | J17: ='[2]Oct-Dec''25'!K17+'[2]Apr-Sep''25'!K17 -> 335 | K17: ='[2]Oct-Dec''25'!L17+'[2]Apr-Sep''25'!L17 -> 321 | L17: =K17/J17 -> 0.95820896 | M17: ='[2]Oct-Dec''25'!N17+'[2]Apr-Sep''25'!N17 -> 346 | N17: ='[2]Oct-Dec''25'!O17+'[2]Apr-Sep''25'!O17 -> 344 | O17: =N17/M17 -> 0.99421965 | P17: ='[2]Oct-Dec''25'!Q17+'[2]Apr-Sep''25'!Q17 -> 357 | Q17: ='[2]Oct-Dec''25'!R17+'[2]Apr-Sep''25'!R17 -> 331 | R17: =Q17/P17 -> 0.92717087 | S17: ='[2]Oct-Dec''25'!T17+'[2]Apr-Sep''25'!T17 -> 2674 | T17: ='[2]Oct-Dec''25'!U17+'[2]Apr-Sep''25'!U17 -> 2485 | U17: =T17/S17 -> 0.92931937 | V17: ='[2]Oct-Dec''25'!W17+'[2]Apr-Sep''25'!W17 -> 336 | W17: ='[2]Oct-Dec''25'!Y17+'[2]Apr-Sep''25'!Y17 -> 220 | X17: =W17/V17 -> 0.6547619 | Y17: ='[2]Oct-Dec''25'!AA17+'[2]Apr-Sep''25'!AA17 -> 148 | Z17: ='[2]Oct-Dec''25'!AB17+'[2]Apr-Sep''25'!AB17 -> 148 | AA17: =Z17/Y17 -> 1 | AB17: ='[2]Oct-Dec''25'!AD17+'[2]Apr-Sep''25'!AD17 -> 145 | AC17: ='[2]Oct-Dec''25'!AE17+'[2]Apr-Sep''25'!AE17 -> 44 | AD17: =AC17/AB17 -> 0.30344828 | AE17: ='[2]Oct-Dec''25'!AJ17+'[2]Apr-Sep''25'!AJ17 -> 703 | AF17: ='[2]Oct-Dec''25'!AK17+'[2]Apr-Sep''25'!AK17 -> 404 | AG17: =AF17/AE17 -> 0.57467994 | AH17: ='[2]Oct-Dec''25'!AM17+'[2]Apr-Sep''25'!AM17 -> 0 | AI17: ='[2]Oct-Dec''25'!AN17+'[2]Apr-Sep''25'!AN17 -> 0 | AJ17: =AI17/AH17 -> #DIV/0! | AK17: ='[2]Oct-Dec''25'!AP17+'[2]Apr-Sep''25'!AP17 -> 227 | AL17: ='[2]Oct-Dec''25'!AQ17+'[2]Apr-Sep''25'!AQ17 -> 93 | AM17: =AL17/AK17 -> 0.40969163 | AN17: ='[2]Oct-Dec''25'!AS17+'[2]Apr-Sep''25'!AS17 -> 72 | AO17: ='[2]Oct-Dec''25'!AT17+'[2]Apr-Sep''25'!AT17 -> 72 | AP17: =AO17/AN17 -> 1 | AQ17: ='[2]Oct-Dec''25'!AV17+'[2]Apr-Sep''25'!AV17 -> 0 | AR17: ='[2]Oct-Dec''25'!AW17+'[2]Apr-Sep''25'!AW17 -> 0 | AS17: =AR17/AQ17 -> #DIV/0! | AT17: ='[2]Oct-Dec''25'!AY17+'[2]Apr-Sep''25'!AY17 -> 71 | AU17: ='[2]Oct-Dec''25'!AZ17+'[2]Apr-Sep''25'!AZ17 -> 71 | AV17: =AU17/AT17 -> 1 | AW17: =AN17+AQ17+AT17 -> 143 | AX17: =AO17+AR17+AU17 -> 143 | AY17: =AX17/AW17 -> 1 | AZ17: ='[2]Oct-Dec''25'!BB17+'[2]Apr-Sep''25'!BB17 -> 162 | BA17: ='[2]Oct-Dec''25'!BC17+'[2]Apr-Sep''25'!BC17 -> 162 | BB17: =IFERROR(BA17/AZ17,0) -> 1 | BC17: ='[2]Oct-Dec''25'!BE17+'[2]Apr-Sep''25'!BE17 -> 19 | BD17: ='[2]Oct-Dec''25'!BF17+'[2]Apr-Sep''25'!BF17 -> 19 | BE17: =IFERROR(BD17/BC17,0) -> 1 | BF17: ='[2]Oct-Dec''25'!BH17+'[2]Apr-Sep''25'!BH17 -> 33 | BG17: ='[2]Oct-Dec''25'!BI17+'[2]Apr-Sep''25'!BI17 -> 32 | BH17: =IFERROR(BG17/BF17,0) -> 0.96969697 | BI17: ='[2]Oct-Dec''25'!BK17+'[2]Apr-Sep''25'!BK17 -> 46 | BJ17: ='[2]Oct-Dec''25'!BL17+'[2]Apr-Sep''25'!BL17 -> 46 | BK17: =IFERROR(BJ17/BI17,0) -> 1 | BL17: ='[2]Oct-Dec''25'!BN17+'[2]Apr-Sep''25'!BN17 -> 29 | BM17: ='[2]Oct-Dec''25'!BO17+'[2]Apr-Sep''25'!BO17 -> 29 | BN17: =IFERROR(BM17/BL17,0) -> 1 | BO17: ='[2]Oct-Dec''25'!BQ17+'[2]Apr-Sep''25'!BQ17 -> 20 | BP17: ='[2]Oct-Dec''25'!BR17+'[2]Apr-Sep''25'!BR17 -> 20 | BQ17: =IFERROR(BP17/BO17,0) -> 1 | BR17: ='[2]Oct-Dec''25'!BT17+'[2]Apr-Sep''25'!BT17 -> 29 | BS17: ='[2]Oct-Dec''25'!BU17+'[2]Apr-Sep''25'!BU17 -> 29 | BT17: =IFERROR(BS17/BR17,0) -> 1 | BU17: ='[2]Oct-Dec''25'!BW17+'[2]Apr-Sep''25'!BW17 -> 1 | BV17: ='[2]Oct-Dec''25'!BX17+'[2]Apr-Sep''25'!BX17 -> 1 | BW17: =IFERROR(BV17/BU17,0) -> 1 | BX17: ='[2]Oct-Dec''25'!BZ17+'[2]Apr-Sep''25'!BZ17 -> 369 | BY17: ='[2]Oct-Dec''25'!CA17+'[2]Apr-Sep''25'!CA17 -> 385 | BZ17: =IFERROR(BY17/BX17,0) -> 1.0433604 | CA17: ='[2]Oct-Dec''25'!CC17+'[2]Apr-Sep''25'!CC17 -> 38 | CB17: ='[2]Oct-Dec''25'!CD17+'[2]Apr-Sep''25'!CD17 -> 23 | CC17: =IFERROR(CB17/CA17,0) -> 0.60526316 | CD17: ='[2]Oct-Dec''25'!CF17+'[2]Apr-Sep''25'!CF17 -> 0 | CE17: ='[2]Oct-Dec''25'!CG17+'[2]Apr-Sep''25'!CG17 -> 0 | CF17: =IFERROR(CE17/CD17,0) -> 0
A18: ='[2]Oct-Dec''25'!A18 -> 12 | B18: ='[2]Oct-Dec''25'!B18 -> CHRI | C18: ='[2]Oct-Dec''25'!C18 -> Bihar | D18: ='[2]Oct-Dec''25'!D18 -> PNP+ | E18: ='[2]Oct-Dec''25'!E18 -> PATNA | F18: Apr-Dec'25 | G18: ='[2]Oct-Dec''25'!H18+'[2]Apr-Sep''25'!H18 -> 1049 | H18: ='[2]Oct-Dec''25'!I18+'[2]Apr-Sep''25'!I18 -> 702 | I18: =H18/G18 -> 0.66920877 | J18: ='[2]Oct-Dec''25'!K18+'[2]Apr-Sep''25'!K18 -> 569 | K18: ='[2]Oct-Dec''25'!L18+'[2]Apr-Sep''25'!L18 -> 328 | L18: =K18/J18 -> 0.57644991 | M18: ='[2]Oct-Dec''25'!N18+'[2]Apr-Sep''25'!N18 -> 1018 | N18: ='[2]Oct-Dec''25'!O18+'[2]Apr-Sep''25'!O18 -> 964 | O18: =N18/M18 -> 0.94695481 | P18: ='[2]Oct-Dec''25'!Q18+'[2]Apr-Sep''25'!Q18 -> 929 | Q18: ='[2]Oct-Dec''25'!R18+'[2]Apr-Sep''25'!R18 -> 914 | R18: =Q18/P18 -> 0.98385361 | S18: ='[2]Oct-Dec''25'!T18+'[2]Apr-Sep''25'!T18 -> 4304 | T18: ='[2]Oct-Dec''25'!U18+'[2]Apr-Sep''25'!U18 -> 3360 | U18: =T18/S18 -> 0.78066914 | V18: ='[2]Oct-Dec''25'!W18+'[2]Apr-Sep''25'!W18 -> 1073 | W18: ='[2]Oct-Dec''25'!Y18+'[2]Apr-Sep''25'!Y18 -> 598 | X18: =W18/V18 -> 0.55731594 | Y18: ='[2]Oct-Dec''25'!AA18+'[2]Apr-Sep''25'!AA18 -> 49 | Z18: ='[2]Oct-Dec''25'!AB18+'[2]Apr-Sep''25'!AB18 -> 50 | AA18: =Z18/Y18 -> 1.0204082 | AB18: ='[2]Oct-Dec''25'!AD18+'[2]Apr-Sep''25'!AD18 -> 0 | AC18: ='[2]Oct-Dec''25'!AE18+'[2]Apr-Sep''25'!AE18 -> 0 | AD18: =AC18/AB18 -> #DIV/0! | AE18: ='[2]Oct-Dec''25'!AJ18+'[2]Apr-Sep''25'!AJ18 -> 955 | AF18: ='[2]Oct-Dec''25'!AK18+'[2]Apr-Sep''25'!AK18 -> 697 | AG18: =AF18/AE18 -> 0.72984293 | AH18: ='[2]Oct-Dec''25'!AM18+'[2]Apr-Sep''25'!AM18 -> 40 | AI18: ='[2]Oct-Dec''25'!AN18+'[2]Apr-Sep''25'!AN18 -> 7 | AJ18: =AI18/AH18 -> 0.175 | AK18: ='[2]Oct-Dec''25'!AP18+'[2]Apr-Sep''25'!AP18 -> 452 | AL18: ='[2]Oct-Dec''25'!AQ18+'[2]Apr-Sep''25'!AQ18 -> 81 | AM18: =AL18/AK18 -> 0.17920354 | AN18: ='[2]Oct-Dec''25'!AS18+'[2]Apr-Sep''25'!AS18 -> 117 | AO18: ='[2]Oct-Dec''25'!AT18+'[2]Apr-Sep''25'!AT18 -> 117 | AP18: =AO18/AN18 -> 1 | AQ18: ='[2]Oct-Dec''25'!AV18+'[2]Apr-Sep''25'!AV18 -> 0 | AR18: ='[2]Oct-Dec''25'!AW18+'[2]Apr-Sep''25'!AW18 -> 0 | AS18: =AR18/AQ18 -> #DIV/0! | AT18: ='[2]Oct-Dec''25'!AY18+'[2]Apr-Sep''25'!AY18 -> 37 | AU18: ='[2]Oct-Dec''25'!AZ18+'[2]Apr-Sep''25'!AZ18 -> 37 | AV18: =AU18/AT18 -> 1 | AW18: =AN18+AQ18+AT18 -> 154 | AX18: =AO18+AR18+AU18 -> 154 | AY18: =AX18/AW18 -> 1 | AZ18: ='[2]Oct-Dec''25'!BB18+'[2]Apr-Sep''25'!BB18 -> 213 | BA18: ='[2]Oct-Dec''25'!BC18+'[2]Apr-Sep''25'!BC18 -> 113 | BB18: =IFERROR(BA18/AZ18,0) -> 0.53051643 | BC18: ='[2]Oct-Dec''25'!BE18+'[2]Apr-Sep''25'!BE18 -> 14 | BD18: ='[2]Oct-Dec''25'!BF18+'[2]Apr-Sep''25'!BF18 -> 19 | BE18: =IFERROR(BD18/BC18,0) -> 1.3571429 | BF18: ='[2]Oct-Dec''25'!BH18+'[2]Apr-Sep''25'!BH18 -> 60 | BG18: ='[2]Oct-Dec''25'!BI18+'[2]Apr-Sep''25'!BI18 -> 50 | BH18: =IFERROR(BG18/BF18,0) -> 0.83333333 | BI18: ='[2]Oct-Dec''25'!BK18+'[2]Apr-Sep''25'!BK18 -> 96 | BJ18: ='[2]Oct-Dec''25'!BL18+'[2]Apr-Sep''25'!BL18 -> 93 | BK18: =IFERROR(BJ18/BI18,0) -> 0.96875 | BL18: ='[2]Oct-Dec''25'!BN18+'[2]Apr-Sep''25'!BN18 -> 38 | BM18: ='[2]Oct-Dec''25'!BO18+'[2]Apr-Sep''25'!BO18 -> 33 | BN18: =IFERROR(BM18/BL18,0) -> 0.86842105 | BO18: ='[2]Oct-Dec''25'!BQ18+'[2]Apr-Sep''25'!BQ18 -> 27 | BP18: ='[2]Oct-Dec''25'!BR18+'[2]Apr-Sep''25'!BR18 -> 26 | BQ18: =IFERROR(BP18/BO18,0) -> 0.96296296 | BR18: ='[2]Oct-Dec''25'!BT18+'[2]Apr-Sep''25'!BT18 -> 25 | BS18: ='[2]Oct-Dec''25'!BU18+'[2]Apr-Sep''25'!BU18 -> 25 | BT18: =IFERROR(BS18/BR18,0) -> 1 | BU18: ='[2]Oct-Dec''25'!BW18+'[2]Apr-Sep''25'!BW18 -> 0 | BV18: ='[2]Oct-Dec''25'!BX18+'[2]Apr-Sep''25'!BX18 -> 0 | BW18: =IFERROR(BV18/BU18,0) -> 0 | BX18: ='[2]Oct-Dec''25'!BZ18+'[2]Apr-Sep''25'!BZ18 -> 702 | BY18: ='[2]Oct-Dec''25'!CA18+'[2]Apr-Sep''25'!CA18 -> 626 | BZ18: =IFERROR(BY18/BX18,0) -> 0.89173789 | CA18: ='[2]Oct-Dec''25'!CC18+'[2]Apr-Sep''25'!CC18 -> 61 | CB18: ='[2]Oct-Dec''25'!CD18+'[2]Apr-Sep''25'!CD18 -> 51 | CC18: =IFERROR(CB18/CA18,0) -> 0.83606557 | CD18: ='[2]Oct-Dec''25'!CF18+'[2]Apr-Sep''25'!CF18 -> 15 | CE18: ='[2]Oct-Dec''25'!CG18+'[2]Apr-Sep''25'!CG18 -> 15 | CF18: =IFERROR(CE18/CD18,0) -> 1
A19: ='[2]Oct-Dec''25'!A19 -> 13 | B19: ='[2]Oct-Dec''25'!B19 -> CHRI | C19: ='[2]Oct-Dec''25'!C19 -> Bihar | D19: ='[2]Oct-Dec''25'!D19 -> BNP+ | E19: ='[2]Oct-Dec''25'!E19 -> SARAN | F19: Apr-Dec'25 | G19: ='[2]Oct-Dec''25'!H19+'[2]Apr-Sep''25'!H19 -> 645 | H19: ='[2]Oct-Dec''25'!I19+'[2]Apr-Sep''25'!I19 -> 643 | I19: =H19/G19 -> 0.99689922 | J19: ='[2]Oct-Dec''25'!K19+'[2]Apr-Sep''25'!K19 -> 189 | K19: ='[2]Oct-Dec''25'!L19+'[2]Apr-Sep''25'!L19 -> 188 | L19: =K19/J19 -> 0.99470899 | M19: ='[2]Oct-Dec''25'!N19+'[2]Apr-Sep''25'!N19 -> 612 | N19: ='[2]Oct-Dec''25'!O19+'[2]Apr-Sep''25'!O19 -> 570 | O19: =N19/M19 -> 0.93137255 | P19: ='[2]Oct-Dec''25'!Q19+'[2]Apr-Sep''25'!Q19 -> 461 | Q19: ='[2]Oct-Dec''25'!R19+'[2]Apr-Sep''25'!R19 -> 338 | R19: =Q19/P19 -> 0.73318872 | S19: ='[2]Oct-Dec''25'!T19+'[2]Apr-Sep''25'!T19 -> 3689 | T19: ='[2]Oct-Dec''25'!U19+'[2]Apr-Sep''25'!U19 -> 2939 | U19: =T19/S19 -> 0.79669287 | V19: ='[2]Oct-Dec''25'!W19+'[2]Apr-Sep''25'!W19 -> 727 | W19: ='[2]Oct-Dec''25'!Y19+'[2]Apr-Sep''25'!Y19 -> 446 | X19: =W19/V19 -> 0.61348006 | Y19: ='[2]Oct-Dec''25'!AA19+'[2]Apr-Sep''25'!AA19 -> 65 | Z19: ='[2]Oct-Dec''25'!AB19+'[2]Apr-Sep''25'!AB19 -> 64 | AA19: =Z19/Y19 -> 0.98461538 | AB19: ='[2]Oct-Dec''25'!AD19+'[2]Apr-Sep''25'!AD19 -> 0 | AC19: ='[2]Oct-Dec''25'!AE19+'[2]Apr-Sep''25'!AE19 -> 0 | AD19: =AC19/AB19 -> #DIV/0! | AE19: ='[2]Oct-Dec''25'!AJ19+'[2]Apr-Sep''25'!AJ19 -> 2729 | AF19: ='[2]Oct-Dec''25'!AK19+'[2]Apr-Sep''25'!AK19 -> 2640 | AG19: =AF19/AE19 -> 0.96738732 | AH19: ='[2]Oct-Dec''25'!AM19+'[2]Apr-Sep''25'!AM19 -> 0 | AI19: ='[2]Oct-Dec''25'!AN19+'[2]Apr-Sep''25'!AN19 -> 0 | AJ19: =AI19/AH19 -> #DIV/0! | AK19: ='[2]Oct-Dec''25'!AP19+'[2]Apr-Sep''25'!AP19 -> 235 | AL19: ='[2]Oct-Dec''25'!AQ19+'[2]Apr-Sep''25'!AQ19 -> 152 | AM19: =AL19/AK19 -> 0.64680851 | AN19: ='[2]Oct-Dec''25'!AS19+'[2]Apr-Sep''25'!AS19 -> 105 | AO19: ='[2]Oct-Dec''25'!AT19+'[2]Apr-Sep''25'!AT19 -> 97 | AP19: =AO19/AN19 -> 0.92380952 | AQ19: ='[2]Oct-Dec''25'!AV19+'[2]Apr-Sep''25'!AV19 -> 0 | AR19: ='[2]Oct-Dec''25'!AW19+'[2]Apr-Sep''25'!AW19 -> 0 | AS19: =AR19/AQ19 -> #DIV/0! | AT19: ='[2]Oct-Dec''25'!AY19+'[2]Apr-Sep''25'!AY19 -> 42 | AU19: ='[2]Oct-Dec''25'!AZ19+'[2]Apr-Sep''25'!AZ19 -> 42 | AV19: =AU19/AT19 -> 1 | AW19: =AN19+AQ19+AT19 -> 147 | AX19: =AO19+AR19+AU19 -> 139 | AY19: =AX19/AW19 -> 0.94557823 | AZ19: ='[2]Oct-Dec''25'!BB19+'[2]Apr-Sep''25'!BB19 -> 178 | BA19: ='[2]Oct-Dec''25'!BC19+'[2]Apr-Sep''25'!BC19 -> 173 | BB19: =IFERROR(BA19/AZ19,0) -> 0.97191011 | BC19: ='[2]Oct-Dec''25'!BE19+'[2]Apr-Sep''25'!BE19 -> 37 | BD19: ='[2]Oct-Dec''25'!BF19+'[2]Apr-Sep''25'!BF19 -> 55 | BE19: =IFERROR(BD19/BC19,0) -> 1.4864865 | BF19: ='[2]Oct-Dec''25'!BH19+'[2]Apr-Sep''25'!BH19 -> 77 | BG19: ='[2]Oct-Dec''25'!BI19+'[2]Apr-Sep''25'!BI19 -> 75 | BH19: =IFERROR(BG19/BF19,0) -> 0.97402597 | BI19: ='[2]Oct-Dec''25'!BK19+'[2]Apr-Sep''25'!BK19 -> 91 | BJ19: ='[2]Oct-Dec''25'!BL19+'[2]Apr-Sep''25'!BL19 -> 91 | BK19: =IFERROR(BJ19/BI19,0) -> 1 | BL19: ='[2]Oct-Dec''25'!BN19+'[2]Apr-Sep''25'!BN19 -> 63 | BM19: ='[2]Oct-Dec''25'!BO19+'[2]Apr-Sep''25'!BO19 -> 61 | BN19: =IFERROR(BM19/BL19,0) -> 0.96825397 | BO19: ='[2]Oct-Dec''25'!BQ19+'[2]Apr-Sep''25'!BQ19 -> 45 | BP19: ='[2]Oct-Dec''25'!BR19+'[2]Apr-Sep''25'!BR19 -> 44 | BQ19: =IFERROR(BP19/BO19,0) -> 0.97777778 | BR19: ='[2]Oct-Dec''25'!BT19+'[2]Apr-Sep''25'!BT19 -> 13 | BS19: ='[2]Oct-Dec''25'!BU19+'[2]Apr-Sep''25'!BU19 -> 13 | BT19: =IFERROR(BS19/BR19,0) -> 1 | BU19: ='[2]Oct-Dec''25'!BW19+'[2]Apr-Sep''25'!BW19 -> 0 | BV19: ='[2]Oct-Dec''25'!BX19+'[2]Apr-Sep''25'!BX19 -> 0 | BW19: =IFERROR(BV19/BU19,0) -> 0 | BX19: ='[2]Oct-Dec''25'!BZ19+'[2]Apr-Sep''25'!BZ19 -> 643 | BY19: ='[2]Oct-Dec''25'!CA19+'[2]Apr-Sep''25'!CA19 -> 431 | BZ19: =IFERROR(BY19/BX19,0) -> 0.67029549 | CA19: ='[2]Oct-Dec''25'!CC19+'[2]Apr-Sep''25'!CC19 -> 147 | CB19: ='[2]Oct-Dec''25'!CD19+'[2]Apr-Sep''25'!CD19 -> 139 | CC19: =IFERROR(CB19/CA19,0) -> 0.94557823 | CD19: ='[2]Oct-Dec''25'!CF19+'[2]Apr-Sep''25'!CF19 -> 0 | CE19: ='[2]Oct-Dec''25'!CG19+'[2]Apr-Sep''25'!CG19 -> 0 | CF19: =IFERROR(CE19/CD19,0) -> 0
A20: ='[2]Oct-Dec''25'!A20 -> 14 | B20: ='[2]Oct-Dec''25'!B20 -> CHRI | C20: ='[2]Oct-Dec''25'!C20 -> Bihar | D20: ='[2]Oct-Dec''25'!D20 -> BNP+ | E20: ='[2]Oct-Dec''25'!E20 -> VAISHALI | F20: Apr-Dec'25 | G20: ='[2]Oct-Dec''25'!H20+'[2]Apr-Sep''25'!H20 -> 351 | H20: ='[2]Oct-Dec''25'!I20+'[2]Apr-Sep''25'!I20 -> 337 | I20: =H20/G20 -> 0.96011396 | J20: ='[2]Oct-Dec''25'!K20+'[2]Apr-Sep''25'!K20 -> 252 | K20: ='[2]Oct-Dec''25'!L20+'[2]Apr-Sep''25'!L20 -> 240 | L20: =K20/J20 -> 0.95238095 | M20: ='[2]Oct-Dec''25'!N20+'[2]Apr-Sep''25'!N20 -> 322 | N20: ='[2]Oct-Dec''25'!O20+'[2]Apr-Sep''25'!O20 -> 322 | O20: =N20/M20 -> 1 | P20: ='[2]Oct-Dec''25'!Q20+'[2]Apr-Sep''25'!Q20 -> 292 | Q20: ='[2]Oct-Dec''25'!R20+'[2]Apr-Sep''25'!R20 -> 244 | R20: =Q20/P20 -> 0.83561644 | S20: ='[2]Oct-Dec''25'!T20+'[2]Apr-Sep''25'!T20 -> 2976 | T20: ='[2]Oct-Dec''25'!U20+'[2]Apr-Sep''25'!U20 -> 2779 | U20: =T20/S20 -> 0.93380376 | V20: ='[2]Oct-Dec''25'!W20+'[2]Apr-Sep''25'!W20 -> 309 | W20: ='[2]Oct-Dec''25'!Y20+'[2]Apr-Sep''25'!Y20 -> 212 | X20: =W20/V20 -> 0.68608414 | Y20: ='[2]Oct-Dec''25'!AA20+'[2]Apr-Sep''25'!AA20 -> 37 | Z20: ='[2]Oct-Dec''25'!AB20+'[2]Apr-Sep''25'!AB20 -> 37 | AA20: =Z20/Y20 -> 1 | AB20: ='[2]Oct-Dec''25'!AD20+'[2]Apr-Sep''25'!AD20 -> 55 | AC20: ='[2]Oct-Dec''25'!AE20+'[2]Apr-Sep''25'!AE20 -> 17 | AD20: =AC20/AB20 -> 0.30909091 | AE20: ='[2]Oct-Dec''25'!AJ20+'[2]Apr-Sep''25'!AJ20 -> 775 | AF20: ='[2]Oct-Dec''25'!AK20+'[2]Apr-Sep''25'!AK20 -> 762 | AG20: =AF20/AE20 -> 0.98322581 | AH20: ='[2]Oct-Dec''25'!AM20+'[2]Apr-Sep''25'!AM20 -> 0 | AI20: ='[2]Oct-Dec''25'!AN20+'[2]Apr-Sep''25'!AN20 -> 0 | AJ20: =AI20/AH20 -> #DIV/0! | AK20: ='[2]Oct-Dec''25'!AP20+'[2]Apr-Sep''25'!AP20 -> 276 | AL20: ='[2]Oct-Dec''25'!AQ20+'[2]Apr-Sep''25'!AQ20 -> 240 | AM20: =AL20/AK20 -> 0.86956522 | AN20: ='[2]Oct-Dec''25'!AS20+'[2]Apr-Sep''25'!AS20 -> 23 | AO20: ='[2]Oct-Dec''25'!AT20+'[2]Apr-Sep''25'!AT20 -> 23 | AP20: =AO20/AN20 -> 1 | AQ20: ='[2]Oct-Dec''25'!AV20+'[2]Apr-Sep''25'!AV20 -> 0 | AR20: ='[2]Oct-Dec''25'!AW20+'[2]Apr-Sep''25'!AW20 -> 0 | AS20: =AR20/AQ20 -> #DIV/0! | AT20: ='[2]Oct-Dec''25'!AY20+'[2]Apr-Sep''25'!AY20 -> 93 | AU20: ='[2]Oct-Dec''25'!AZ20+'[2]Apr-Sep''25'!AZ20 -> 93 | AV20: =AU20/AT20 -> 1 | AW20: =AN20+AQ20+AT20 -> 116 | AX20: =AO20+AR20+AU20 -> 116 | AY20: =AX20/AW20 -> 1 | AZ20: ='[2]Oct-Dec''25'!BB20+'[2]Apr-Sep''25'!BB20 -> 127 | BA20: ='[2]Oct-Dec''25'!BC20+'[2]Apr-Sep''25'!BC20 -> 127 | BB20: =IFERROR(BA20/AZ20,0) -> 1 | BC20: ='[2]Oct-Dec''25'!BE20+'[2]Apr-Sep''25'!BE20 -> 5 | BD20: ='[2]Oct-Dec''25'!BF20+'[2]Apr-Sep''25'!BF20 -> 5 | BE20: =IFERROR(BD20/BC20,0) -> 1 | BF20: ='[2]Oct-Dec''25'!BH20+'[2]Apr-Sep''25'!BH20 -> 38 | BG20: ='[2]Oct-Dec''25'!BI20+'[2]Apr-Sep''25'!BI20 -> 38 | BH20: =IFERROR(BG20/BF20,0) -> 1 | BI20: ='[2]Oct-Dec''25'!BK20+'[2]Apr-Sep''25'!BK20 -> 48 | BJ20: ='[2]Oct-Dec''25'!BL20+'[2]Apr-Sep''25'!BL20 -> 48 | BK20: =IFERROR(BJ20/BI20,0) -> 1 | BL20: ='[2]Oct-Dec''25'!BN20+'[2]Apr-Sep''25'!BN20 -> 29 | BM20: ='[2]Oct-Dec''25'!BO20+'[2]Apr-Sep''25'!BO20 -> 29 | BN20: =IFERROR(BM20/BL20,0) -> 1 | BO20: ='[2]Oct-Dec''25'!BQ20+'[2]Apr-Sep''25'!BQ20 -> 30 | BP20: ='[2]Oct-Dec''25'!BR20+'[2]Apr-Sep''25'!BR20 -> 30 | BQ20: =IFERROR(BP20/BO20,0) -> 1 | BR20: ='[2]Oct-Dec''25'!BT20+'[2]Apr-Sep''25'!BT20 -> 24 | BS20: ='[2]Oct-Dec''25'!BU20+'[2]Apr-Sep''25'!BU20 -> 24 | BT20: =IFERROR(BS20/BR20,0) -> 1 | BU20: ='[2]Oct-Dec''25'!BW20+'[2]Apr-Sep''25'!BW20 -> 0 | BV20: ='[2]Oct-Dec''25'!BX20+'[2]Apr-Sep''25'!BX20 -> 0 | BW20: =IFERROR(BV20/BU20,0) -> 0 | BX20: ='[2]Oct-Dec''25'!BZ20+'[2]Apr-Sep''25'!BZ20 -> 337 | BY20: ='[2]Oct-Dec''25'!CA20+'[2]Apr-Sep''25'!CA20 -> 342 | BZ20: =IFERROR(BY20/BX20,0) -> 1.0148368 | CA20: ='[2]Oct-Dec''25'!CC20+'[2]Apr-Sep''25'!CC20 -> 22 | CB20: ='[2]Oct-Dec''25'!CD20+'[2]Apr-Sep''25'!CD20 -> 22 | CC20: =IFERROR(CB20/CA20,0) -> 1 | CD20: ='[2]Oct-Dec''25'!CF20+'[2]Apr-Sep''25'!CF20 -> 50 | CE20: ='[2]Oct-Dec''25'!CG20+'[2]Apr-Sep''25'!CG20 -> 50 | CF20: =IFERROR(CE20/CD20,0) -> 1
A21: ='[2]Oct-Dec''25'!A21 -> 15 | B21: ='[2]Oct-Dec''25'!B21 -> CHRI | C21: ='[2]Oct-Dec''25'!C21 -> Bihar | D21: ='[2]Oct-Dec''25'!D21 -> AIDENT SOCIAL WELFARE ORGANISATION | E21: ='[2]Oct-Dec''25'!E21 -> BEGUSARAI | F21: Apr-Dec'25 | G21: ='[2]Oct-Dec''25'!H21+'[2]Apr-Sep''25'!H21 -> 484 | H21: ='[2]Oct-Dec''25'!I21+'[2]Apr-Sep''25'!I21 -> 463 | I21: =H21/G21 -> 0.95661157 | J21: ='[2]Oct-Dec''25'!K21+'[2]Apr-Sep''25'!K21 -> 232 | K21: ='[2]Oct-Dec''25'!L21+'[2]Apr-Sep''25'!L21 -> 232 | L21: =K21/J21 -> 1 | M21: ='[2]Oct-Dec''25'!N21+'[2]Apr-Sep''25'!N21 -> 474 | N21: ='[2]Oct-Dec''25'!O21+'[2]Apr-Sep''25'!O21 -> 462 | O21: =N21/M21 -> 0.97468354 | P21: ='[2]Oct-Dec''25'!Q21+'[2]Apr-Sep''25'!Q21 -> 484 | Q21: ='[2]Oct-Dec''25'!R21+'[2]Apr-Sep''25'!R21 -> 412 | R21: =Q21/P21 -> 0.85123967 | S21: ='[2]Oct-Dec''25'!T21+'[2]Apr-Sep''25'!T21 -> 4408 | T21: ='[2]Oct-Dec''25'!U21+'[2]Apr-Sep''25'!U21 -> 3159 | U21: =T21/S21 -> 0.71665154 | V21: ='[2]Oct-Dec''25'!W21+'[2]Apr-Sep''25'!W21 -> 375 | W21: ='[2]Oct-Dec''25'!Y21+'[2]Apr-Sep''25'!Y21 -> 285 | X21: =W21/V21 -> 0.76 | Y21: ='[2]Oct-Dec''25'!AA21+'[2]Apr-Sep''25'!AA21 -> 124 | Z21: ='[2]Oct-Dec''25'!AB21+'[2]Apr-Sep''25'!AB21 -> 120 | AA21: =Z21/Y21 -> 0.96774194 | AB21: ='[2]Oct-Dec''25'!AD21+'[2]Apr-Sep''25'!AD21 -> 78 | AC21: ='[2]Oct-Dec''25'!AE21+'[2]Apr-Sep''25'!AE21 -> 23 | AD21: =AC21/AB21 -> 0.29487179 | AE21: ='[2]Oct-Dec''25'!AJ21+'[2]Apr-Sep''25'!AJ21 -> 1133 | AF21: ='[2]Oct-Dec''25'!AK21+'[2]Apr-Sep''25'!AK21 -> 1133 | AG21: =AF21/AE21 -> 1 | AH21: ='[2]Oct-Dec''25'!AM21+'[2]Apr-Sep''25'!AM21 -> 0 | AI21: ='[2]Oct-Dec''25'!AN21+'[2]Apr-Sep''25'!AN21 -> 0 | AJ21: =AI21/AH21 -> #DIV/0! | AK21: ='[2]Oct-Dec''25'!AP21+'[2]Apr-Sep''25'!AP21 -> 331 | AL21: ='[2]Oct-Dec''25'!AQ21+'[2]Apr-Sep''25'!AQ21 -> 52 | AM21: =AL21/AK21 -> 0.1570997 | AN21: ='[2]Oct-Dec''25'!AS21+'[2]Apr-Sep''25'!AS21 -> 33 | AO21: ='[2]Oct-Dec''25'!AT21+'[2]Apr-Sep''25'!AT21 -> 33 | AP21: =AO21/AN21 -> 1 | AQ21: ='[2]Oct-Dec''25'!AV21+'[2]Apr-Sep''25'!AV21 -> 0 | AR21: ='[2]Oct-Dec''25'!AW21+'[2]Apr-Sep''25'!AW21 -> 0 | AS21: =AR21/AQ21 -> #DIV/0! | AT21: ='[2]Oct-Dec''25'!AY21+'[2]Apr-Sep''25'!AY21 -> 130 | AU21: ='[2]Oct-Dec''25'!AZ21+'[2]Apr-Sep''25'!AZ21 -> 130 | AV21: =AU21/AT21 -> 1 | AW21: =AN21+AQ21+AT21 -> 163 | AX21: =AO21+AR21+AU21 -> 163 | AY21: =AX21/AW21 -> 1 | AZ21: ='[2]Oct-Dec''25'!BB21+'[2]Apr-Sep''25'!BB21 -> 120 | BA21: ='[2]Oct-Dec''25'!BC21+'[2]Apr-Sep''25'!BC21 -> 120 | BB21: =IFERROR(BA21/AZ21,0) -> 1 | BC21: ='[2]Oct-Dec''25'!BE21+'[2]Apr-Sep''25'!BE21 -> 6 | BD21: ='[2]Oct-Dec''25'!BF21+'[2]Apr-Sep''25'!BF21 -> 10 | BE21: =IFERROR(BD21/BC21,0) -> 1.6666667 | BF21: ='[2]Oct-Dec''25'!BH21+'[2]Apr-Sep''25'!BH21 -> 18 | BG21: ='[2]Oct-Dec''25'!BI21+'[2]Apr-Sep''25'!BI21 -> 18 | BH21: =IFERROR(BG21/BF21,0) -> 1 | BI21: ='[2]Oct-Dec''25'!BK21+'[2]Apr-Sep''25'!BK21 -> 53 | BJ21: ='[2]Oct-Dec''25'!BL21+'[2]Apr-Sep''25'!BL21 -> 52 | BK21: =IFERROR(BJ21/BI21,0) -> 0.98113208 | BL21: ='[2]Oct-Dec''25'!BN21+'[2]Apr-Sep''25'!BN21 -> 45 | BM21: ='[2]Oct-Dec''25'!BO21+'[2]Apr-Sep''25'!BO21 -> 37 | BN21: =IFERROR(BM21/BL21,0) -> 0.82222222 | BO21: ='[2]Oct-Dec''25'!BQ21+'[2]Apr-Sep''25'!BQ21 -> 27 | BP21: ='[2]Oct-Dec''25'!BR21+'[2]Apr-Sep''25'!BR21 -> 25 | BQ21: =IFERROR(BP21/BO21,0) -> 0.92592593 | BR21: ='[2]Oct-Dec''25'!BT21+'[2]Apr-Sep''25'!BT21 -> 50 | BS21: ='[2]Oct-Dec''25'!BU21+'[2]Apr-Sep''25'!BU21 -> 44 | BT21: =IFERROR(BS21/BR21,0) -> 0.88 | BU21: ='[2]Oct-Dec''25'!BW21+'[2]Apr-Sep''25'!BW21 -> 0 | BV21: ='[2]Oct-Dec''25'!BX21+'[2]Apr-Sep''25'!BX21 -> 0 | BW21: =IFERROR(BV21/BU21,0) -> 0 | BX21: ='[2]Oct-Dec''25'!BZ21+'[2]Apr-Sep''25'!BZ21 -> 463 | BY21: ='[2]Oct-Dec''25'!CA21+'[2]Apr-Sep''25'!CA21 -> 471 | BZ21: =IFERROR(BY21/BX21,0) -> 1.0172786 | CA21: ='[2]Oct-Dec''25'!CC21+'[2]Apr-Sep''25'!CC21 -> 59 | CB21: ='[2]Oct-Dec''25'!CD21+'[2]Apr-Sep''25'!CD21 -> 59 | CC21: =IFERROR(CB21/CA21,0) -> 1 | CD21: ='[2]Oct-Dec''25'!CF21+'[2]Apr-Sep''25'!CF21 -> 0 | CE21: ='[2]Oct-Dec''25'!CG21+'[2]Apr-Sep''25'!CG21 -> 0 | CF21: =IFERROR(CE21/CD21,0) -> 0
A22: ='[2]Oct-Dec''25'!A22 -> 16 | B22: ='[2]Oct-Dec''25'!B22 -> CHRI | C22: ='[2]Oct-Dec''25'!C22 -> Bihar | D22: ='[2]Oct-Dec''25'!D22 -> CENTRE DIRECT | E22: ='[2]Oct-Dec''25'!E22 -> SITAMARHI | F22: Apr-Dec'25 | G22: ='[2]Oct-Dec''25'!H22+'[2]Apr-Sep''25'!H22 -> 347 | H22: ='[2]Oct-Dec''25'!I22+'[2]Apr-Sep''25'!I22 -> 341 | I22: =H22/G22 -> 0.98270893 | J22: ='[2]Oct-Dec''25'!K22+'[2]Apr-Sep''25'!K22 -> 248 | K22: ='[2]Oct-Dec''25'!L22+'[2]Apr-Sep''25'!L22 -> 245 | L22: =K22/J22 -> 0.98790323 | M22: ='[2]Oct-Dec''25'!N22+'[2]Apr-Sep''25'!N22 -> 332 | N22: ='[2]Oct-Dec''25'!O22+'[2]Apr-Sep''25'!O22 -> 332 | O22: =N22/M22 -> 1 | P22: ='[2]Oct-Dec''25'!Q22+'[2]Apr-Sep''25'!Q22 -> 273 | Q22: ='[2]Oct-Dec''25'!R22+'[2]Apr-Sep''25'!R22 -> 245 | R22: =Q22/P22 -> 0.8974359 | S22: ='[2]Oct-Dec''25'!T22+'[2]Apr-Sep''25'!T22 -> 2085 | T22: ='[2]Oct-Dec''25'!U22+'[2]Apr-Sep''25'!U22 -> 1761 | U22: =T22/S22 -> 0.84460432 | V22: ='[2]Oct-Dec''25'!W22+'[2]Apr-Sep''25'!W22 -> 455 | W22: ='[2]Oct-Dec''25'!Y22+'[2]Apr-Sep''25'!Y22 -> 263 | X22: =W22/V22 -> 0.57802198 | Y22: ='[2]Oct-Dec''25'!AA22+'[2]Apr-Sep''25'!AA22 -> 0 | Z22: ='[2]Oct-Dec''25'!AB22+'[2]Apr-Sep''25'!AB22 -> 0 | AA22: =Z22/Y22 -> #DIV/0! | AB22: ='[2]Oct-Dec''25'!AD22+'[2]Apr-Sep''25'!AD22 -> 0 | AC22: ='[2]Oct-Dec''25'!AE22+'[2]Apr-Sep''25'!AE22 -> 0 | AD22: =AC22/AB22 -> #DIV/0! | AE22: ='[2]Oct-Dec''25'!AJ22+'[2]Apr-Sep''25'!AJ22 -> 1555 | AF22: ='[2]Oct-Dec''25'!AK22+'[2]Apr-Sep''25'!AK22 -> 834 | AG22: =AF22/AE22 -> 0.53633441 | AH22: ='[2]Oct-Dec''25'!AM22+'[2]Apr-Sep''25'!AM22 -> 0 | AI22: ='[2]Oct-Dec''25'!AN22+'[2]Apr-Sep''25'!AN22 -> 0 | AJ22: =AI22/AH22 -> #DIV/0! | AK22: ='[2]Oct-Dec''25'!AP22+'[2]Apr-Sep''25'!AP22 -> 245 | AL22: ='[2]Oct-Dec''25'!AQ22+'[2]Apr-Sep''25'!AQ22 -> 27 | AM22: =AL22/AK22 -> 0.11020408 | AN22: ='[2]Oct-Dec''25'!AS22+'[2]Apr-Sep''25'!AS22 -> 28 | AO22: ='[2]Oct-Dec''25'!AT22+'[2]Apr-Sep''25'!AT22 -> 26 | AP22: =AO22/AN22 -> 0.92857143 | AQ22: ='[2]Oct-Dec''25'!AV22+'[2]Apr-Sep''25'!AV22 -> 0 | AR22: ='[2]Oct-Dec''25'!AW22+'[2]Apr-Sep''25'!AW22 -> 0 | AS22: =AR22/AQ22 -> #DIV/0! | AT22: ='[2]Oct-Dec''25'!AY22+'[2]Apr-Sep''25'!AY22 -> 161 | AU22: ='[2]Oct-Dec''25'!AZ22+'[2]Apr-Sep''25'!AZ22 -> 161 | AV22: =AU22/AT22 -> 1 | AW22: =AN22+AQ22+AT22 -> 189 | AX22: =AO22+AR22+AU22 -> 187 | AY22: =AX22/AW22 -> 0.98941799 | AZ22: ='[2]Oct-Dec''25'!BB22+'[2]Apr-Sep''25'!BB22 -> 134 | BA22: ='[2]Oct-Dec''25'!BC22+'[2]Apr-Sep''25'!BC22 -> 134 | BB22: =IFERROR(BA22/AZ22,0) -> 1 | BC22: ='[2]Oct-Dec''25'!BE22+'[2]Apr-Sep''25'!BE22 -> 6 | BD22: ='[2]Oct-Dec''25'!BF22+'[2]Apr-Sep''25'!BF22 -> 23 | BE22: =IFERROR(BD22/BC22,0) -> 3.8333333 | BF22: ='[2]Oct-Dec''25'!BH22+'[2]Apr-Sep''25'!BH22 -> 40 | BG22: ='[2]Oct-Dec''25'!BI22+'[2]Apr-Sep''25'!BI22 -> 40 | BH22: =IFERROR(BG22/BF22,0) -> 1 | BI22: ='[2]Oct-Dec''25'!BK22+'[2]Apr-Sep''25'!BK22 -> 48 | BJ22: ='[2]Oct-Dec''25'!BL22+'[2]Apr-Sep''25'!BL22 -> 43 | BK22: =IFERROR(BJ22/BI22,0) -> 0.89583333 | BL22: ='[2]Oct-Dec''25'!BN22+'[2]Apr-Sep''25'!BN22 -> 29 | BM22: ='[2]Oct-Dec''25'!BO22+'[2]Apr-Sep''25'!BO22 -> 24 | BN22: =IFERROR(BM22/BL22,0) -> 0.82758621 | BO22: ='[2]Oct-Dec''25'!BQ22+'[2]Apr-Sep''25'!BQ22 -> 23 | BP22: ='[2]Oct-Dec''25'!BR22+'[2]Apr-Sep''25'!BR22 -> 18 | BQ22: =IFERROR(BP22/BO22,0) -> 0.7826087 | BR22: ='[2]Oct-Dec''25'!BT22+'[2]Apr-Sep''25'!BT22 -> 29 | BS22: ='[2]Oct-Dec''25'!BU22+'[2]Apr-Sep''25'!BU22 -> 29 | BT22: =IFERROR(BS22/BR22,0) -> 1 | BU22: ='[2]Oct-Dec''25'!BW22+'[2]Apr-Sep''25'!BW22 -> 0 | BV22: ='[2]Oct-Dec''25'!BX22+'[2]Apr-Sep''25'!BX22 -> 0 | BW22: =IFERROR(BV22/BU22,0) -> 0 | BX22: ='[2]Oct-Dec''25'!BZ22+'[2]Apr-Sep''25'!BZ22 -> 341 | BY22: ='[2]Oct-Dec''25'!CA22+'[2]Apr-Sep''25'!CA22 -> 621 | BZ22: =IFERROR(BY22/BX22,0) -> 1.8211144 | CA22: ='[2]Oct-Dec''25'!CC22+'[2]Apr-Sep''25'!CC22 -> 60 | CB22: ='[2]Oct-Dec''25'!CD22+'[2]Apr-Sep''25'!CD22 -> 60 | CC22: =IFERROR(CB22/CA22,0) -> 1 | CD22: ='[2]Oct-Dec''25'!CF22+'[2]Apr-Sep''25'!CF22 -> 0 | CE22: ='[2]Oct-Dec''25'!CG22+'[2]Apr-Sep''25'!CG22 -> 0 | CF22: =IFERROR(CE22/CD22,0) -> 0
... A25: ='[2]Oct-Dec''25'!A25 -> 19 | B25: ='[2]Oct-Dec''25'!B25 -> CHRI | C25: ='[2]Oct-Dec''25'!C25 -> Bihar | D25: ='[2]Oct-Dec''25'!D25 -> BNP+ | E25: ='[2]Oct-Dec''25'!E25 -> BHOJPUR | F25: Apr-Dec'25 | G25: ='[2]Oct-Dec''25'!H25+'[2]Apr-Sep''25'!H25 -> 876 | H25: ='[2]Oct-Dec''25'!I25+'[2]Apr-Sep''25'!I25 -> 626 | I25: =H25/G25 -> 0.71461187 | J25: ='[2]Oct-Dec''25'!K25+'[2]Apr-Sep''25'!K25 -> 608 | K25: ='[2]Oct-Dec''25'!L25+'[2]Apr-Sep''25'!L25 -> 430 | L25: =K25/J25 -> 0.70723684 | M25: ='[2]Oct-Dec''25'!N25+'[2]Apr-Sep''25'!N25 -> 752 | N25: ='[2]Oct-Dec''25'!O25+'[2]Apr-Sep''25'!O25 -> 741 | O25: =N25/M25 -> 0.98537234 | P25: ='[2]Oct-Dec''25'!Q25+'[2]Apr-Sep''25'!Q25 -> 557 | Q25: ='[2]Oct-Dec''25'!R25+'[2]Apr-Sep''25'!R25 -> 501 | R25: =Q25/P25 -> 0.8994614 | S25: ='[2]Oct-Dec''25'!T25+'[2]Apr-Sep''25'!T25 -> 848 | T25: ='[2]Oct-Dec''25'!U25+'[2]Apr-Sep''25'!U25 -> 630 | U25: =T25/S25 -> 0.74292453 | V25: ='[2]Oct-Dec''25'!W25+'[2]Apr-Sep''25'!W25 -> 1348 | W25: ='[2]Oct-Dec''25'!Y25+'[2]Apr-Sep''25'!Y25 -> 815 | X25: =W25/V25 -> 0.60459941 | Y25: ='[2]Oct-Dec''25'!AA25+'[2]Apr-Sep''25'!AA25 -> 26 | Z25: ='[2]Oct-Dec''25'!AB25+'[2]Apr-Sep''25'!AB25 -> 26 | AA25: =Z25/Y25 -> 1 | AB25: ='[2]Oct-Dec''25'!AD25+'[2]Apr-Sep''25'!AD25 -> 5 | AC25: ='[2]Oct-Dec''25'!AE25+'[2]Apr-Sep''25'!AE25 -> 2 | AD25: =AC25/AB25 -> 0.4 | AE25: ='[2]Oct-Dec''25'!AJ25+'[2]Apr-Sep''25'!AJ25 -> 3280 | AF25: ='[2]Oct-Dec''25'!AK25+'[2]Apr-Sep''25'!AK25 -> 3124 | AG25: =AF25/AE25 -> 0.95243902 | AH25: ='[2]Oct-Dec''25'!AM25+'[2]Apr-Sep''25'!AM25 -> 0 | AI25: ='[2]Oct-Dec''25'!AN25+'[2]Apr-Sep''25'!AN25 -> 0 | AJ25: =AI25/AH25 -> #DIV/0! | AK25: ='[2]Oct-Dec''25'!AP25+'[2]Apr-Sep''25'!AP25 -> 209 | AL25: ='[2]Oct-Dec''25'!AQ25+'[2]Apr-Sep''25'!AQ25 -> 144 | AM25: =AL25/AK25 -> 0.68899522 | AN25: ='[2]Oct-Dec''25'!AS25+'[2]Apr-Sep''25'!AS25 -> 240 | AO25: ='[2]Oct-Dec''25'!AT25+'[2]Apr-Sep''25'!AT25 -> 193 | AP25: =AO25/AN25 -> 0.80416667 | AQ25: ='[2]Oct-Dec''25'!AV25+'[2]Apr-Sep''25'!AV25 -> 0 | AR25: ='[2]Oct-Dec''25'!AW25+'[2]Apr-Sep''25'!AW25 -> 0 | AS25: =AR25/AQ25 -> #DIV/0! | AT25: ='[2]Oct-Dec''25'!AY25+'[2]Apr-Sep''25'!AY25 -> 338 | AU25: ='[2]Oct-Dec''25'!AZ25+'[2]Apr-Sep''25'!AZ25 -> 294 | AV25: =AU25/AT25 -> 0.86982249 | AW25: =AN25+AQ25+AT25 -> 578 | AX25: =AO25+AR25+AU25 -> 487 | AY25: =AX25/AW25 -> 0.84256055 | AZ25: ='[2]Oct-Dec''25'!BB25+'[2]Apr-Sep''25'!BB25 -> 279 | BA25: ='[2]Oct-Dec''25'!BC25+'[2]Apr-Sep''25'!BC25 -> 228 | BB25: =IFERROR(BA25/AZ25,0) -> 0.8172043 | BC25: ='[2]Oct-Dec''25'!BE25+'[2]Apr-Sep''25'!BE25 -> 31 | BD25: ='[2]Oct-Dec''25'!BF25+'[2]Apr-Sep''25'!BF25 -> 25 | BE25: =IFERROR(BD25/BC25,0) -> 0.80645161 | BF25: ='[2]Oct-Dec''25'!BH25+'[2]Apr-Sep''25'!BH25 -> 55 | BG25: ='[2]Oct-Dec''25'!BI25+'[2]Apr-Sep''25'!BI25 -> 54 | BH25: =IFERROR(BG25/BF25,0) -> 0.98181818 | BI25: ='[2]Oct-Dec''25'!BK25+'[2]Apr-Sep''25'!BK25 -> 86 | BJ25: ='[2]Oct-Dec''25'!BL25+'[2]Apr-Sep''25'!BL25 -> 85 | BK25: =IFERROR(BJ25/BI25,0) -> 0.98837209 | BL25: ='[2]Oct-Dec''25'!BN25+'[2]Apr-Sep''25'!BN25 -> 58 | BM25: ='[2]Oct-Dec''25'!BO25+'[2]Apr-Sep''25'!BO25 -> 51 | BN25: =IFERROR(BM25/BL25,0) -> 0.87931034 | BO25: ='[2]Oct-Dec''25'!BQ25+'[2]Apr-Sep''25'!BQ25 -> 49 | BP25: ='[2]Oct-Dec''25'!BR25+'[2]Apr-Sep''25'!BR25 -> 38 | BQ25: =IFERROR(BP25/BO25,0) -> 0.7755102 | BR25: ='[2]Oct-Dec''25'!BT25+'[2]Apr-Sep''25'!BT25 -> 49 | BS25: ='[2]Oct-Dec''25'!BU25+'[2]Apr-Sep''25'!BU25 -> 36 | BT25: =IFERROR(BS25/BR25,0) -> 0.73469388 | BU25: ='[2]Oct-Dec''25'!BW25+'[2]Apr-Sep''25'!BW25 -> 0 | BV25: ='[2]Oct-Dec''25'!BX25+'[2]Apr-Sep''25'!BX25 -> 0 | BW25: =IFERROR(BV25/BU25,0) -> 0 | BX25: ='[2]Oct-Dec''25'!BZ25+'[2]Apr-Sep''25'!BZ25 -> 626 | BY25: ='[2]Oct-Dec''25'!CA25+'[2]Apr-Sep''25'!CA25 -> 861 | BZ25: =IFERROR(BY25/BX25,0) -> 1.3753994 | CA25: ='[2]Oct-Dec''25'!CC25+'[2]Apr-Sep''25'!CC25 -> 46 | CB25: ='[2]Oct-Dec''25'!CD25+'[2]Apr-Sep''25'!CD25 -> 46 | CC25: =IFERROR(CB25/CA25,0) -> 1 | CD25: ='[2]Oct-Dec''25'!CF25+'[2]Apr-Sep''25'!CF25 -> 4 | CE25: ='[2]Oct-Dec''25'!CG25+'[2]Apr-Sep''25'!CG25 -> 4 | CF25: =IFERROR(CE25/CD25,0) -> 1
A26: ='[2]Oct-Dec''25'!A26 -> 20 | B26: ='[2]Oct-Dec''25'!B26 -> YRG Care | C26: ='[2]Oct-Dec''25'!C26 -> Delhi | D26: ='[2]Oct-Dec''25'!D26 -> DEVELOPMENT CONSORTIUM | E26: ='[2]Oct-Dec''25'!E26 -> NORTH WEST | F26: Apr-Dec'25 | G26: ='[2]Oct-Dec''25'!H26+'[2]Apr-Sep''25'!H26 -> 661 | H26: ='[2]Oct-Dec''25'!I26+'[2]Apr-Sep''25'!I26 -> 538 | I26: =H26/G26 -> 0.81391831 | J26: ='[2]Oct-Dec''25'!K26+'[2]Apr-Sep''25'!K26 -> 0 | K26: ='[2]Oct-Dec''25'!L26+'[2]Apr-Sep''25'!L26 -> 0 | M26: ='[2]Oct-Dec''25'!N26+'[2]Apr-Sep''25'!N26 -> 660 | N26: ='[2]Oct-Dec''25'!O26+'[2]Apr-Sep''25'!O26 -> 660 | O26: =N26/M26 -> 1 | P26: ='[2]Oct-Dec''25'!Q26+'[2]Apr-Sep''25'!Q26 -> 632 | Q26: ='[2]Oct-Dec''25'!R26+'[2]Apr-Sep''25'!R26 -> 513 | R26: =Q26/P26 -> 0.81170886 | S26: ='[2]Oct-Dec''25'!T26+'[2]Apr-Sep''25'!T26 -> 3129 | T26: ='[2]Oct-Dec''25'!U26+'[2]Apr-Sep''25'!U26 -> 2524 | U26: =T26/S26 -> 0.80664749 | V26: ='[2]Oct-Dec''25'!W26+'[2]Apr-Sep''25'!W26 -> 1819 | W26: ='[2]Oct-Dec''25'!Y26+'[2]Apr-Sep''25'!Y26 -> 1405 | X26: =W26/V26 -> 0.77240242 | Y26: ='[2]Oct-Dec''25'!AA26+'[2]Apr-Sep''25'!AA26 -> 302 | Z26: ='[2]Oct-Dec''25'!AB26+'[2]Apr-Sep''25'!AB26 -> 301 | AA26: =Z26/Y26 -> 0.99668874 | AB26: ='[2]Oct-Dec''25'!AD26+'[2]Apr-Sep''25'!AD26 -> 211 | AC26: ='[2]Oct-Dec''25'!AE26+'[2]Apr-Sep''25'!AE26 -> 62 | AD26: =AC26/AB26 -> 0.29383886 | AE26: ='[2]Oct-Dec''25'!AJ26+'[2]Apr-Sep''25'!AJ26 -> 551 | AF26: ='[2]Oct-Dec''25'!AK26+'[2]Apr-Sep''25'!AK26 -> 500 | AG26: =AF26/AE26 -> 0.90744102 | AH26: ='[2]Oct-Dec''25'!AM26+'[2]Apr-Sep''25'!AM26 -> 0 | AI26: ='[2]Oct-Dec''25'!AN26+'[2]Apr-Sep''25'!AN26 -> 0 | AJ26: =AI26/AH26 -> #DIV/0! | AK26: ='[2]Oct-Dec''25'!AP26+'[2]Apr-Sep''25'!AP26 -> 49 | AL26: ='[2]Oct-Dec''25'!AQ26+'[2]Apr-Sep''25'!AQ26 -> 4 | AM26: =AL26/AK26 -> 0.081632653 | AN26: ='[2]Oct-Dec''25'!AS26+'[2]Apr-Sep''25'!AS26 -> 43 | AO26: ='[2]Oct-Dec''25'!AT26+'[2]Apr-Sep''25'!AT26 -> 22 | AP26: =AO26/AN26 -> 0.51162791 | AQ26: ='[2]Oct-Dec''25'!AV26+'[2]Apr-Sep''25'!AV26 -> 3 | AR26: ='[2]Oct-Dec''25'!AW26+'[2]Apr-Sep''25'!AW26 -> 5 | AS26: =AR26/AQ26 -> 1.6666667 | AT26: ='[2]Oct-Dec''25'!AY26+'[2]Apr-Sep''25'!AY26 -> 34 | AU26: ='[2]Oct-Dec''25'!AZ26+'[2]Apr-Sep''25'!AZ26 -> 36 | AV26: =AU26/AT26 -> 1.0588235 | AW26: =AN26+AQ26+AT26 -> 80 | AX26: =AO26+AR26+AU26 -> 63 | AY26: =AX26/AW26 -> 0.7875 | AZ26: ='[2]Oct-Dec''25'!BB26+'[2]Apr-Sep''25'!BB26 -> 0 | BA26: ='[2]Oct-Dec''25'!BC26+'[2]Apr-Sep''25'!BC26 -> 0 | BB26: =IFERROR(BA26/AZ26,0) -> 0 | BC26: ='[2]Oct-Dec''25'!BE26+'[2]Apr-Sep''25'!BE26 -> 5 | BD26: ='[2]Oct-Dec''25'!BF26+'[2]Apr-Sep''25'!BF26 -> 0 | BE26: =IFERROR(BD26/BC26,0) -> 0 | BF26: ='[2]Oct-Dec''25'!BH26+'[2]Apr-Sep''25'!BH26 -> 13 | BG26: ='[2]Oct-Dec''25'!BI26+'[2]Apr-Sep''25'!BI26 -> 12 | BH26: =IFERROR(BG26/BF26,0) -> 0.92307692 | BI26: ='[2]Oct-Dec''25'!BK26+'[2]Apr-Sep''25'!BK26 -> 0 | BJ26: ='[2]Oct-Dec''25'!BL26+'[2]Apr-Sep''25'!BL26 -> 0 | BK26: =IFERROR(BJ26/BI26,0) -> 0 | BL26: ='[2]Oct-Dec''25'!BN26+'[2]Apr-Sep''25'!BN26 -> 0 | BM26: ='[2]Oct-Dec''25'!BO26+'[2]Apr-Sep''25'!BO26 -> 0 | BN26: =IFERROR(BM26/BL26,0) -> 0 | BO26: ='[2]Oct-Dec''25'!BQ26+'[2]Apr-Sep''25'!BQ26 -> 0 | BP26: ='[2]Oct-Dec''25'!BR26+'[2]Apr-Sep''25'!BR26 -> 0 | BQ26: =IFERROR(BP26/BO26,0) -> 0 | BR26: ='[2]Oct-Dec''25'!BT26+'[2]Apr-Sep''25'!BT26 -> 0 | BS26: ='[2]Oct-Dec''25'!BU26+'[2]Apr-Sep''25'!BU26 -> 0 | BT26: =IFERROR(BS26/BR26,0) -> 0 | BU26: ='[2]Oct-Dec''25'!BW26+'[2]Apr-Sep''25'!BW26 -> 0 | BV26: ='[2]Oct-Dec''25'!BX26+'[2]Apr-Sep''25'!BX26 -> 0 | BW26: =IFERROR(BV26/BU26,0) -> 0 | BX26: ='[2]Oct-Dec''25'!BZ26+'[2]Apr-Sep''25'!BZ26 -> 538 | BY26: ='[2]Oct-Dec''25'!CA26+'[2]Apr-Sep''25'!CA26 -> 9 | BZ26: =IFERROR(BY26/BX26,0) -> 0.016728625 | CA26: ='[2]Oct-Dec''25'!CC26+'[2]Apr-Sep''25'!CC26 -> 97 | CB26: ='[2]Oct-Dec''25'!CD26+'[2]Apr-Sep''25'!CD26 -> 73 | CC26: =IFERROR(CB26/CA26,0) -> 0.75257732 | CD26: ='[2]Oct-Dec''25'!CF26+'[2]Apr-Sep''25'!CF26 -> 0 | CE26: ='[2]Oct-Dec''25'!CG26+'[2]Apr-Sep''25'!CG26 -> 0 | CF26: =IFERROR(CE26/CD26,0) -> 0
A27: ='[2]Oct-Dec''25'!A27 -> 21 | B27: ='[2]Oct-Dec''25'!B27 -> YRG Care | C27: ='[2]Oct-Dec''25'!C27 -> Delhi | D27: ='[2]Oct-Dec''25'!D27 -> RAJMALA WELFARE SOCIETY | E27: ='[2]Oct-Dec''25'!E27 -> CENTRAL | F27: Apr-Dec'25 | G27: ='[2]Oct-Dec''25'!H27+'[2]Apr-Sep''25'!H27 -> 868 | H27: ='[2]Oct-Dec''25'!I27+'[2]Apr-Sep''25'!I27 -> 652 | I27: =H27/G27 -> 0.75115207 | J27: ='[2]Oct-Dec''25'!K27+'[2]Apr-Sep''25'!K27 -> 50 | K27: ='[2]Oct-Dec''25'!L27+'[2]Apr-Sep''25'!L27 -> 13 | L27: =K27/J27 -> 0.26 | M27: ='[2]Oct-Dec''25'!N27+'[2]Apr-Sep''25'!N27 -> 695 | N27: ='[2]Oct-Dec''25'!O27+'[2]Apr-Sep''25'!O27 -> 695 | O27: =N27/M27 -> 1 | P27: ='[2]Oct-Dec''25'!Q27+'[2]Apr-Sep''25'!Q27 -> 550 | Q27: ='[2]Oct-Dec''25'!R27+'[2]Apr-Sep''25'!R27 -> 430 | R27: =Q27/P27 -> 0.78181818 | S27: ='[2]Oct-Dec''25'!T27+'[2]Apr-Sep''25'!T27 -> 4698 | T27: ='[2]Oct-Dec''25'!U27+'[2]Apr-Sep''25'!U27 -> 3920 | U27: =T27/S27 -> 0.83439762 | V27: ='[2]Oct-Dec''25'!W27+'[2]Apr-Sep''25'!W27 -> 1534 | W27: ='[2]Oct-Dec''25'!Y27+'[2]Apr-Sep''25'!Y27 -> 1397 | X27: =W27/V27 -> 0.910691 | Y27: ='[2]Oct-Dec''25'!AA27+'[2]Apr-Sep''25'!AA27 -> 214 | Z27: ='[2]Oct-Dec''25'!AB27+'[2]Apr-Sep''25'!AB27 -> 216 | AA27: =Z27/Y27 -> 1.0093458 | AB27: ='[2]Oct-Dec''25'!AD27+'[2]Apr-Sep''25'!AD27 -> 116 | AC27: ='[2]Oct-Dec''25'!AE27+'[2]Apr-Sep''25'!AE27 -> 110 | AD27: =AC27/AB27 -> 0.94827586 | AE27: ='[2]Oct-Dec''25'!AJ27+'[2]Apr-Sep''25'!AJ27 -> 3115 | AF27: ='[2]Oct-Dec''25'!AK27+'[2]Apr-Sep''25'!AK27 -> 3011 | AG27: =AF27/AE27 -> 0.96661316 | AH27: ='[2]Oct-Dec''25'!AM27+'[2]Apr-Sep''25'!AM27 -> 134 | AI27: ='[2]Oct-Dec''25'!AN27+'[2]Apr-Sep''25'!AN27 -> 117 | AJ27: =AI27/AH27 -> 0.87313433 | AK27: ='[2]Oct-Dec''25'!AP27+'[2]Apr-Sep''25'!AP27 -> 121 | AL27: ='[2]Oct-Dec''25'!AQ27+'[2]Apr-Sep''25'!AQ27 -> 21 | AM27: =AL27/AK27 -> 0.17355372 | AN27: ='[2]Oct-Dec''25'!AS27+'[2]Apr-Sep''25'!AS27 -> 137 | AO27: ='[2]Oct-Dec''25'!AT27+'[2]Apr-Sep''25'!AT27 -> 113 | AP27: =AO27/AN27 -> 0.82481752 | AQ27: ='[2]Oct-Dec''25'!AV27+'[2]Apr-Sep''25'!AV27 -> 49 | AR27: ='[2]Oct-Dec''25'!AW27+'[2]Apr-Sep''25'!AW27 -> 3 | AS27: =AR27/AQ27 -> 0.06122449 | AT27: ='[2]Oct-Dec''25'!AY27+'[2]Apr-Sep''25'!AY27 -> 3 | AU27: ='[2]Oct-Dec''25'!AZ27+'[2]Apr-Sep''25'!AZ27 -> 3 | AV27: =AU27/AT27 -> 1 | AW27: =AN27+AQ27+AT27 -> 189 | AX27: =AO27+AR27+AU27 -> 119 | AY27: =AX27/AW27 -> 0.62962963 | AZ27: ='[2]Oct-Dec''25'!BB27+'[2]Apr-Sep''25'!BB27 -> 0 | BA27: ='[2]Oct-Dec''25'!BC27+'[2]Apr-Sep''25'!BC27 -> 0 | BB27: =IFERROR(BA27/AZ27,0) -> 0 | BC27: ='[2]Oct-Dec''25'!BE27+'[2]Apr-Sep''25'!BE27 -> 4 | BD27: ='[2]Oct-Dec''25'!BF27+'[2]Apr-Sep''25'!BF27 -> 7 | BE27: =IFERROR(BD27/BC27,0) -> 1.75 | BF27: ='[2]Oct-Dec''25'!BH27+'[2]Apr-Sep''25'!BH27 -> 9 | BG27: ='[2]Oct-Dec''25'!BI27+'[2]Apr-Sep''25'!BI27 -> 7 | BH27: =IFERROR(BG27/BF27,0) -> 0.77777778 | BI27: ='[2]Oct-Dec''25'!BK27+'[2]Apr-Sep''25'!BK27 -> 0 | BJ27: ='[2]Oct-Dec''25'!BL27+'[2]Apr-Sep''25'!BL27 -> 0 | BK27: =IFERROR(BJ27/BI27,0) -> 0 | BL27: ='[2]Oct-Dec''25'!BN27+'[2]Apr-Sep''25'!BN27 -> 0 | BM27: ='[2]Oct-Dec''25'!BO27+'[2]Apr-Sep''25'!BO27 -> 0 | BN27: =IFERROR(BM27/BL27,0) -> 0 | BO27: ='[2]Oct-Dec''25'!BQ27+'[2]Apr-Sep''25'!BQ27 -> 0 | BP27: ='[2]Oct-Dec''25'!BR27+'[2]Apr-Sep''25'!BR27 -> 0 | BQ27: =IFERROR(BP27/BO27,0) -> 0 | BR27: ='[2]Oct-Dec''25'!BT27+'[2]Apr-Sep''25'!BT27 -> 0 | BS27: ='[2]Oct-Dec''25'!BU27+'[2]Apr-Sep''25'!BU27 -> 0 | BT27: =IFERROR(BS27/BR27,0) -> 0 | BU27: ='[2]Oct-Dec''25'!BW27+'[2]Apr-Sep''25'!BW27 -> 0 | BV27: ='[2]Oct-Dec''25'!BX27+'[2]Apr-Sep''25'!BX27 -> 0 | BW27: =IFERROR(BV27/BU27,0) -> 0 | BX27: ='[2]Oct-Dec''25'!BZ27+'[2]Apr-Sep''25'!BZ27 -> 652 | BY27: ='[2]Oct-Dec''25'!CA27+'[2]Apr-Sep''25'!CA27 -> 580 | BZ27: =IFERROR(BY27/BX27,0) -> 0.88957055 | CA27: ='[2]Oct-Dec''25'!CC27+'[2]Apr-Sep''25'!CC27 -> 77 | CB27: ='[2]Oct-Dec''25'!CD27+'[2]Apr-Sep''25'!CD27 -> 55 | CC27: =IFERROR(CB27/CA27,0) -> 0.71428571 | CD27: ='[2]Oct-Dec''25'!CF27+'[2]Apr-Sep''25'!CF27 -> 0 | CE27: ='[2]Oct-Dec''25'!CG27+'[2]Apr-Sep''25'!CG27 -> 0 | CF27: =IFERROR(CE27/CD27,0) -> 0
A28: ='[2]Oct-Dec''25'!A28 -> 22 | B28: ='[2]Oct-Dec''25'!B28 -> YRG Care | C28: ='[2]Oct-Dec''25'!C28 -> Delhi | D28: ='[2]Oct-Dec''25'!D28 -> LOVE LIFE SOCIETY | E28: ='[2]Oct-Dec''25'!E28 -> WEST DELHI | F28: Apr-Dec'25 | G28: ='[2]Oct-Dec''25'!H28+'[2]Apr-Sep''25'!H28 -> 483 | H28: ='[2]Oct-Dec''25'!I28+'[2]Apr-Sep''25'!I28 -> 438 | I28: =H28/G28 -> 0.9068323 | J28: ='[2]Oct-Dec''25'!K28+'[2]Apr-Sep''25'!K28 -> 10 | K28: ='[2]Oct-Dec''25'!L28+'[2]Apr-Sep''25'!L28 -> 5 | L28: =K28/J28 -> 0.5 | M28: ='[2]Oct-Dec''25'!N28+'[2]Apr-Sep''25'!N28 -> 374 | N28: ='[2]Oct-Dec''25'!O28+'[2]Apr-Sep''25'!O28 -> 374 | O28: =N28/M28 -> 1 | P28: ='[2]Oct-Dec''25'!Q28+'[2]Apr-Sep''25'!Q28 -> 397 | Q28: ='[2]Oct-Dec''25'!R28+'[2]Apr-Sep''25'!R28 -> 347 | R28: =Q28/P28 -> 0.87405542 | S28: ='[2]Oct-Dec''25'!T28+'[2]Apr-Sep''25'!T28 -> 1158 | T28: ='[2]Oct-Dec''25'!U28+'[2]Apr-Sep''25'!U28 -> 986 | U28: =T28/S28 -> 0.85146805 | V28: ='[2]Oct-Dec''25'!W28+'[2]Apr-Sep''25'!W28 -> 676 | W28: ='[2]Oct-Dec''25'!Y28+'[2]Apr-Sep''25'!Y28 -> 436 | X28: =W28/V28 -> 0.64497041 | Y28: ='[2]Oct-Dec''25'!AA28+'[2]Apr-Sep''25'!AA28 -> 222 | Z28: ='[2]Oct-Dec''25'!AB28+'[2]Apr-Sep''25'!AB28 -> 222 | AA28: =Z28/Y28 -> 1 | AB28: ='[2]Oct-Dec''25'!AD28+'[2]Apr-Sep''25'!AD28 -> 150 | AC28: ='[2]Oct-Dec''25'!AE28+'[2]Apr-Sep''25'!AE28 -> 75 | AD28: =AC28/AB28 -> 0.5 | AE28: ='[2]Oct-Dec''25'!AJ28+'[2]Apr-Sep''25'!AJ28 -> 437 | AF28: ='[2]Oct-Dec''25'!AK28+'[2]Apr-Sep''25'!AK28 -> 428 | AG28: =AF28/AE28 -> 0.97940503 | AH28: ='[2]Oct-Dec''25'!AM28+'[2]Apr-Sep''25'!AM28 -> 1 | AI28: ='[2]Oct-Dec''25'!AN28+'[2]Apr-Sep''25'!AN28 -> 1 | AJ28: =AI28/AH28 -> 1 | AK28: ='[2]Oct-Dec''25'!AP28+'[2]Apr-Sep''25'!AP28 -> 79 | AL28: ='[2]Oct-Dec''25'!AQ28+'[2]Apr-Sep''25'!AQ28 -> 62 | AM28: =AL28/AK28 -> 0.78481013 | AN28: ='[2]Oct-Dec''25'!AS28+'[2]Apr-Sep''25'!AS28 -> 170 | AO28: ='[2]Oct-Dec''25'!AT28+'[2]Apr-Sep''25'!AT28 -> 147 | AP28: =AO28/AN28 -> 0.86470588 | AQ28: ='[2]Oct-Dec''25'!AV28+'[2]Apr-Sep''25'!AV28 -> 53 | AR28: ='[2]Oct-Dec''25'!AW28+'[2]Apr-Sep''25'!AW28 -> 51 | AS28: =AR28/AQ28 -> 0.96226415 | AT28: ='[2]Oct-Dec''25'!AY28+'[2]Apr-Sep''25'!AY28 -> 51 | AU28: ='[2]Oct-Dec''25'!AZ28+'[2]Apr-Sep''25'!AZ28 -> 48 | AV28: =AU28/AT28 -> 0.94117647 | AW28: =AN28+AQ28+AT28 -> 274 | AX28: =AO28+AR28+AU28 -> 246 | AY28: =AX28/AW28 -> 0.89781022 | AZ28: ='[2]Oct-Dec''25'!BB28+'[2]Apr-Sep''25'!BB28 -> 29 | BA28: ='[2]Oct-Dec''25'!BC28+'[2]Apr-Sep''25'!BC28 -> 23 | BB28: =IFERROR(BA28/AZ28,0) -> 0.79310345 | BC28: ='[2]Oct-Dec''25'!BE28+'[2]Apr-Sep''25'!BE28 -> 2 | BD28: ='[2]Oct-Dec''25'!BF28+'[2]Apr-Sep''25'!BF28 -> 5 | BE28: =IFERROR(BD28/BC28,0) -> 2.5 | BF28: ='[2]Oct-Dec''25'!BH28+'[2]Apr-Sep''25'!BH28 -> 1 | BG28: ='[2]Oct-Dec''25'!BI28+'[2]Apr-Sep''25'!BI28 -> 1 | BH28: =IFERROR(BG28/BF28,0) -> 1 | BI28: ='[2]Oct-Dec''25'!BK28+'[2]Apr-Sep''25'!BK28 -> 0 | BJ28: ='[2]Oct-Dec''25'!BL28+'[2]Apr-Sep''25'!BL28 -> 0 | BK28: =IFERROR(BJ28/BI28,0) -> 0 | BL28: ='[2]Oct-Dec''25'!BN28+'[2]Apr-Sep''25'!BN28 -> 0 | BM28: ='[2]Oct-Dec''25'!BO28+'[2]Apr-Sep''25'!BO28 -> 0 | BN28: =IFERROR(BM28/BL28,0) -> 0 | BO28: ='[2]Oct-Dec''25'!BQ28+'[2]Apr-Sep''25'!BQ28 -> 0 | BP28: ='[2]Oct-Dec''25'!BR28+'[2]Apr-Sep''25'!BR28 -> 0 | BQ28: =IFERROR(BP28/BO28,0) -> 0 | BR28: ='[2]Oct-Dec''25'!BT28+'[2]Apr-Sep''25'!BT28 -> 0 | BS28: ='[2]Oct-Dec''25'!BU28+'[2]Apr-Sep''25'!BU28 -> 0 | BT28: =IFERROR(BS28/BR28,0) -> 0 | BU28: ='[2]Oct-Dec''25'!BW28+'[2]Apr-Sep''25'!BW28 -> 0 | BV28: ='[2]Oct-Dec''25'!BX28+'[2]Apr-Sep''25'!BX28 -> 0 | BW28: =IFERROR(BV28/BU28,0) -> 0 | BX28: ='[2]Oct-Dec''25'!BZ28+'[2]Apr-Sep''25'!BZ28 -> 438 | BY28: ='[2]Oct-Dec''25'!CA28+'[2]Apr-Sep''25'!CA28 -> 2725 | BZ28: =IFERROR(BY28/BX28,0) -> 6.2214612 | CA28: ='[2]Oct-Dec''25'!CC28+'[2]Apr-Sep''25'!CC28 -> 175 | CB28: ='[2]Oct-Dec''25'!CD28+'[2]Apr-Sep''25'!CD28 -> 136 | CC28: =IFERROR(CB28/CA28,0) -> 0.77714286 | CD28: ='[2]Oct-Dec''25'!CF28+'[2]Apr-Sep''25'!CF28 -> 0 | CE28: ='[2]Oct-Dec''25'!CG28+'[2]Apr-Sep''25'!CG28 -> 0 | CF28: =IFERROR(CE28/CD28,0) -> 0
A29: ='[2]Oct-Dec''25'!A29 -> 23 | B29: ='[2]Oct-Dec''25'!B29 -> YRG Care | C29: ='[2]Oct-Dec''25'!C29 -> Delhi | D29: ='[2]Oct-Dec''25'!D29 -> ABHIVYAKTI FOUNDATION | E29: ='[2]Oct-Dec''25'!E29 -> NORTH EAST | F29: Apr-Dec'25 | G29: ='[2]Oct-Dec''25'!H29+'[2]Apr-Sep''25'!H29 -> 700 | H29: ='[2]Oct-Dec''25'!I29+'[2]Apr-Sep''25'!I29 -> 544 | I29: =H29/G29 -> 0.77714286 | J29: ='[2]Oct-Dec''25'!K29+'[2]Apr-Sep''25'!K29 -> 0 | K29: ='[2]Oct-Dec''25'!L29+'[2]Apr-Sep''25'!L29 -> 0 | M29: ='[2]Oct-Dec''25'!N29+'[2]Apr-Sep''25'!N29 -> 624 | N29: ='[2]Oct-Dec''25'!O29+'[2]Apr-Sep''25'!O29 -> 593 | O29: =N29/M29 -> 0.95032051 | P29: ='[2]Oct-Dec''25'!Q29+'[2]Apr-Sep''25'!Q29 -> 595 | Q29: ='[2]Oct-Dec''25'!R29+'[2]Apr-Sep''25'!R29 -> 400 | R29: =Q29/P29 -> 0.67226891 | S29: ='[2]Oct-Dec''25'!T29+'[2]Apr-Sep''25'!T29 -> 2602 | T29: ='[2]Oct-Dec''25'!U29+'[2]Apr-Sep''25'!U29 -> 1590 | U29: =T29/S29 -> 0.61106841 | V29: ='[2]Oct-Dec''25'!W29+'[2]Apr-Sep''25'!W29 -> 1242 | W29: ='[2]Oct-Dec''25'!Y29+'[2]Apr-Sep''25'!Y29 -> 792 | X29: =W29/V29 -> 0.63768116 | Y29: ='[2]Oct-Dec''25'!AA29+'[2]Apr-Sep''25'!AA29 -> 149 | Z29: ='[2]Oct-Dec''25'!AB29+'[2]Apr-Sep''25'!AB29 -> 149 | AA29: =Z29/Y29 -> 1 | AB29: ='[2]Oct-Dec''25'!AD29+'[2]Apr-Sep''25'!AD29 -> 116 | AC29: ='[2]Oct-Dec''25'!AE29+'[2]Apr-Sep''25'!AE29 -> 47 | AD29: =AC29/AB29 -> 0.40517241 | AE29: ='[2]Oct-Dec''25'!AJ29+'[2]Apr-Sep''25'!AJ29 -> 2734 | AF29: ='[2]Oct-Dec''25'!AK29+'[2]Apr-Sep''25'!AK29 -> 2045 | AG29: =AF29/AE29 -> 0.7479883 | AH29: ='[2]Oct-Dec''25'!AM29+'[2]Apr-Sep''25'!AM29 -> 12 | AI29: ='[2]Oct-Dec''25'!AN29+'[2]Apr-Sep''25'!AN29 -> 1 | AJ29: =AI29/AH29 -> 0.083333333 | AK29: ='[2]Oct-Dec''25'!AP29+'[2]Apr-Sep''25'!AP29 -> 264 | AL29: ='[2]Oct-Dec''25'!AQ29+'[2]Apr-Sep''25'!AQ29 -> 34 | AM29: =AL29/AK29 -> 0.12878788 | AN29: ='[2]Oct-Dec''25'!AS29+'[2]Apr-Sep''25'!AS29 -> 281 | AO29: ='[2]Oct-Dec''25'!AT29+'[2]Apr-Sep''25'!AT29 -> 55 | AP29: =AO29/AN29 -> 0.19572954 | AQ29: ='[2]Oct-Dec''25'!AV29+'[2]Apr-Sep''25'!AV29 -> 15 | AR29: ='[2]Oct-Dec''25'!AW29+'[2]Apr-Sep''25'!AW29 -> 10 | AS29: =AR29/AQ29 -> 0.66666667 | AT29: ='[2]Oct-Dec''25'!AY29+'[2]Apr-Sep''25'!AY29 -> 183 | AU29: ='[2]Oct-Dec''25'!AZ29+'[2]Apr-Sep''25'!AZ29 -> 88 | AV29: =AU29/AT29 -> 0.48087432 | AW29: =AN29+AQ29+AT29 -> 479 | AX29: =AO29+AR29+AU29 -> 153 | AY29: =AX29/AW29 -> 0.31941545 | AZ29: ='[2]Oct-Dec''25'!BB29+'[2]Apr-Sep''25'!BB29 -> 16 | BA29: ='[2]Oct-Dec''25'!BC29+'[2]Apr-Sep''25'!BC29 -> 4 | BB29: =IFERROR(BA29/AZ29,0) -> 0.25 | BC29: ='[2]Oct-Dec''25'!BE29+'[2]Apr-Sep''25'!BE29 -> 0 | BD29: ='[2]Oct-Dec''25'!BF29+'[2]Apr-Sep''25'!BF29 -> 0 | BE29: =IFERROR(BD29/BC29,0) -> 0 | BF29: ='[2]Oct-Dec''25'!BH29+'[2]Apr-Sep''25'!BH29 -> 7 | BG29: ='[2]Oct-Dec''25'!BI29+'[2]Apr-Sep''25'!BI29 -> 3 | BH29: =IFERROR(BG29/BF29,0) -> 0.42857143 | BI29: ='[2]Oct-Dec''25'!BK29+'[2]Apr-Sep''25'!BK29 -> 8 | BJ29: ='[2]Oct-Dec''25'!BL29+'[2]Apr-Sep''25'!BL29 -> 8 | BK29: =IFERROR(BJ29/BI29,0) -> 1 | BL29: ='[2]Oct-Dec''25'!BN29+'[2]Apr-Sep''25'!BN29 -> 1 | BM29: ='[2]Oct-Dec''25'!BO29+'[2]Apr-Sep''25'!BO29 -> 1 | BN29: =IFERROR(BM29/BL29,0) -> 1 | BO29: ='[2]Oct-Dec''25'!BQ29+'[2]Apr-Sep''25'!BQ29 -> 1 | BP29: ='[2]Oct-Dec''25'!BR29+'[2]Apr-Sep''25'!BR29 -> 1 | BQ29: =IFERROR(BP29/BO29,0) -> 1 | BR29: ='[2]Oct-Dec''25'!BT29+'[2]Apr-Sep''25'!BT29 -> 0 | BS29: ='[2]Oct-Dec''25'!BU29+'[2]Apr-Sep''25'!BU29 -> 0 | BT29: =IFERROR(BS29/BR29,0) -> 0 | BU29: ='[2]Oct-Dec''25'!BW29+'[2]Apr-Sep''25'!BW29 -> 0 | BV29: ='[2]Oct-Dec''25'!BX29+'[2]Apr-Sep''25'!BX29 -> 0 | BW29: =IFERROR(BV29/BU29,0) -> 0 | BX29: ='[2]Oct-Dec''25'!BZ29+'[2]Apr-Sep''25'!BZ29 -> 544 | BY29: ='[2]Oct-Dec''25'!CA29+'[2]Apr-Sep''25'!CA29 -> 0 | BZ29: =IFERROR(BY29/BX29,0) -> 0 | CA29: ='[2]Oct-Dec''25'!CC29+'[2]Apr-Sep''25'!CC29 -> 38 | CB29: ='[2]Oct-Dec''25'!CD29+'[2]Apr-Sep''25'!CD29 -> 27 | CC29: =IFERROR(CB29/CA29,0) -> 0.71052632 | CD29: ='[2]Oct-Dec''25'!CF29+'[2]Apr-Sep''25'!CF29 -> 0 | CE29: ='[2]Oct-Dec''25'!CG29+'[2]Apr-Sep''25'!CG29 -> 0 | CF29: =IFERROR(CE29/CD29,0) -> 0
A30: ='[2]Oct-Dec''25'!A30 -> 24 | B30: ='[2]Oct-Dec''25'!B30 -> YRG Care | C30: ='[2]Oct-Dec''25'!C30 -> Delhi | D30: ='[2]Oct-Dec''25'!D30 -> SARASWATHI EDUCATIONAL SOCIETY | E30: ='[2]Oct-Dec''25'!E30 -> SOUTH DELHI | F30: Apr-Dec'25 | G30: ='[2]Oct-Dec''25'!H30+'[2]Apr-Sep''25'!H30 -> 745 | H30: ='[2]Oct-Dec''25'!I30+'[2]Apr-Sep''25'!I30 -> 624 | I30: =H30/G30 -> 0.83758389 | J30: ='[2]Oct-Dec''25'!K30+'[2]Apr-Sep''25'!K30 -> 0 | K30: ='[2]Oct-Dec''25'!L30+'[2]Apr-Sep''25'!L30 -> 0 | M30: ='[2]Oct-Dec''25'!N30+'[2]Apr-Sep''25'!N30 -> 786 | N30: ='[2]Oct-Dec''25'!O30+'[2]Apr-Sep''25'!O30 -> 786 | O30: =N30/M30 -> 1 | P30: ='[2]Oct-Dec''25'!Q30+'[2]Apr-Sep''25'!Q30 -> 654 | Q30: ='[2]Oct-Dec''25'!R30+'[2]Apr-Sep''25'!R30 -> 587 | R30: =Q30/P30 -> 0.89755352 | S30: ='[2]Oct-Dec''25'!T30+'[2]Apr-Sep''25'!T30 -> 3617 | T30: ='[2]Oct-Dec''25'!U30+'[2]Apr-Sep''25'!U30 -> 3198 | U30: =T30/S30 -> 0.88415814 | V30: ='[2]Oct-Dec''25'!W30+'[2]Apr-Sep''25'!W30 -> 1330 | W30: ='[2]Oct-Dec''25'!Y30+'[2]Apr-Sep''25'!Y30 -> 1071 | X30: =W30/V30 -> 0.80526316 | Y30: ='[2]Oct-Dec''25'!AA30+'[2]Apr-Sep''25'!AA30 -> 629 | Z30: ='[2]Oct-Dec''25'!AB30+'[2]Apr-Sep''25'!AB30 -> 624 | AA30: =Z30/Y30 -> 0.99205087 | AB30: ='[2]Oct-Dec''25'!AD30+'[2]Apr-Sep''25'!AD30 -> 543 | AC30: ='[2]Oct-Dec''25'!AE30+'[2]Apr-Sep''25'!AE30 -> 471 | AD30: =AC30/AB30 -> 0.86740331 | AE30: ='[2]Oct-Dec''25'!AJ30+'[2]Apr-Sep''25'!AJ30 -> 1070 | AF30: ='[2]Oct-Dec''25'!AK30+'[2]Apr-Sep''25'!AK30 -> 1001 | AG30: =AF30/AE30 -> 0.93551402 | AH30: ='[2]Oct-Dec''25'!AM30+'[2]Apr-Sep''25'!AM30 -> 0 | AI30: ='[2]Oct-Dec''25'!AN30+'[2]Apr-Sep''25'!AN30 -> 0 | AJ30: =AI30/AH30 -> #DIV/0! | AK30: ='[2]Oct-Dec''25'!AP30+'[2]Apr-Sep''25'!AP30 -> 100 | AL30: ='[2]Oct-Dec''25'!AQ30+'[2]Apr-Sep''25'!AQ30 -> 4 | AM30: =AL30/AK30 -> 0.04 | AN30: ='[2]Oct-Dec''25'!AS30+'[2]Apr-Sep''25'!AS30 -> 22 | AO30: ='[2]Oct-Dec''25'!AT30+'[2]Apr-Sep''25'!AT30 -> 22 | AP30: =AO30/AN30 -> 1 | AQ30: ='[2]Oct-Dec''25'!AV30+'[2]Apr-Sep''25'!AV30 -> 0 | AR30: ='[2]Oct-Dec''25'!AW30+'[2]Apr-Sep''25'!AW30 -> 0 | AS30: =AR30/AQ30 -> #DIV/0! | AT30: ='[2]Oct-Dec''25'!AY30+'[2]Apr-Sep''25'!AY30 -> 16 | AU30: ='[2]Oct-Dec''25'!AZ30+'[2]Apr-Sep''25'!AZ30 -> 14 | AV30: =AU30/AT30 -> 0.875 | AW30: =AN30+AQ30+AT30 -> 38 | AX30: =AO30+AR30+AU30 -> 36 | AY30: =AX30/AW30 -> 0.94736842 | AZ30: ='[2]Oct-Dec''25'!BB30+'[2]Apr-Sep''25'!BB30 -> 37 | BA30: ='[2]Oct-Dec''25'!BC30+'[2]Apr-Sep''25'!BC30 -> 27 | BB30: =IFERROR(BA30/AZ30,0) -> 0.72972973 | BC30: ='[2]Oct-Dec''25'!BE30+'[2]Apr-Sep''25'!BE30 -> 12 | BD30: ='[2]Oct-Dec''25'!BF30+'[2]Apr-Sep''25'!BF30 -> 0 | BE30: =IFERROR(BD30/BC30,0) -> 0 | BF30: ='[2]Oct-Dec''25'!BH30+'[2]Apr-Sep''25'!BH30 -> 0 | BG30: ='[2]Oct-Dec''25'!BI30+'[2]Apr-Sep''25'!BI30 -> 0 | BH30: =IFERROR(BG30/BF30,0) -> 0 | BI30: ='[2]Oct-Dec''25'!BK30+'[2]Apr-Sep''25'!BK30 -> 4 | BJ30: ='[2]Oct-Dec''25'!BL30+'[2]Apr-Sep''25'!BL30 -> 3 | BK30: =IFERROR(BJ30/BI30,0) -> 0.75 | BL30: ='[2]Oct-Dec''25'!BN30+'[2]Apr-Sep''25'!BN30 -> 0 | BM30: ='[2]Oct-Dec''25'!BO30+'[2]Apr-Sep''25'!BO30 -> 0 | BN30: =IFERROR(BM30/BL30,0) -> 0 | BO30: ='[2]Oct-Dec''25'!BQ30+'[2]Apr-Sep''25'!BQ30 -> 0 | BP30: ='[2]Oct-Dec''25'!BR30+'[2]Apr-Sep''25'!BR30 -> 0 | BQ30: =IFERROR(BP30/BO30,0) -> 0 | BR30: ='[2]Oct-Dec''25'!BT30+'[2]Apr-Sep''25'!BT30 -> 0 | BS30: ='[2]Oct-Dec''25'!BU30+'[2]Apr-Sep''25'!BU30 -> 0 | BT30: =IFERROR(BS30/BR30,0) -> 0 | BU30: ='[2]Oct-Dec''25'!BW30+'[2]Apr-Sep''25'!BW30 -> 0 | BV30: ='[2]Oct-Dec''25'!BX30+'[2]Apr-Sep''25'!BX30 -> 0 | BW30: =IFERROR(BV30/BU30,0) -> 0 | BX30: ='[2]Oct-Dec''25'!BZ30+'[2]Apr-Sep''25'!BZ30 -> 624 | BY30: ='[2]Oct-Dec''25'!CA30+'[2]Apr-Sep''25'!CA30 -> 0 | BZ30: =IFERROR(BY30/BX30,0) -> 0 | CA30: ='[2]Oct-Dec''25'!CC30+'[2]Apr-Sep''25'!CC30 -> 160 | CB30: ='[2]Oct-Dec''25'!CD30+'[2]Apr-Sep''25'!CD30 -> 141 | CC30: =IFERROR(CB30/CA30,0) -> 0.88125 | CD30: ='[2]Oct-Dec''25'!CF30+'[2]Apr-Sep''25'!CF30 -> 33 | CE30: ='[2]Oct-Dec''25'!CG30+'[2]Apr-Sep''25'!CG30 -> 32 | CF30: =IFERROR(CE30/CD30,0) -> 0.96969697
A31: ='[2]Oct-Dec''25'!A31 -> 25 | B31: ='[2]Oct-Dec''25'!B31 -> CHRI | C31: ='[2]Oct-Dec''25'!C31 -> MEGHALAYA | D31: ='[2]Oct-Dec''25'!D31 -> MSNP+ | E31: ='[2]Oct-Dec''25'!E31 -> EAST KHASI HILLS | F31: Apr-Dec'25 | G31: ='[2]Oct-Dec''25'!H31+'[2]Apr-Sep''25'!H31 -> 1023 | H31: ='[2]Oct-Dec''25'!I31+'[2]Apr-Sep''25'!I31 -> 961 | I31: =H31/G31 -> 0.93939394 | J31: ='[2]Oct-Dec''25'!K31+'[2]Apr-Sep''25'!K31 -> 23 | K31: ='[2]Oct-Dec''25'!L31+'[2]Apr-Sep''25'!L31 -> 22 | L31: =K31/J31 -> 0.95652174 | M31: ='[2]Oct-Dec''25'!N31+'[2]Apr-Sep''25'!N31 -> 1025 | N31: ='[2]Oct-Dec''25'!O31+'[2]Apr-Sep''25'!O31 -> 1025 | O31: =N31/M31 -> 1 | P31: ='[2]Oct-Dec''25'!Q31+'[2]Apr-Sep''25'!Q31 -> 652 | Q31: ='[2]Oct-Dec''25'!R31+'[2]Apr-Sep''25'!R31 -> 478 | R31: =Q31/P31 -> 0.73312883 | S31: ='[2]Oct-Dec''25'!T31+'[2]Apr-Sep''25'!T31 -> 4549 | T31: ='[2]Oct-Dec''25'!U31+'[2]Apr-Sep''25'!U31 -> 2709 | U31: =T31/S31 -> 0.5955155 | V31: ='[2]Oct-Dec''25'!W31+'[2]Apr-Sep''25'!W31 -> 2629 | W31: ='[2]Oct-Dec''25'!Y31+'[2]Apr-Sep''25'!Y31 -> 1135 | X31: =W31/V31 -> 0.43172309 | Y31: ='[2]Oct-Dec''25'!AA31+'[2]Apr-Sep''25'!AA31 -> 415 | Z31: ='[2]Oct-Dec''25'!AB31+'[2]Apr-Sep''25'!AB31 -> 415 | AA31: =Z31/Y31 -> 1 | AB31: ='[2]Oct-Dec''25'!AD31+'[2]Apr-Sep''25'!AD31 -> 837 | AC31: ='[2]Oct-Dec''25'!AE31+'[2]Apr-Sep''25'!AE31 -> 641 | AD31: =AC31/AB31 -> 0.76583035 | AE31: ='[2]Oct-Dec''25'!AJ31+'[2]Apr-Sep''25'!AJ31 -> 2393 | AF31: ='[2]Oct-Dec''25'!AK31+'[2]Apr-Sep''25'!AK31 -> 1588 | AG31: =AF31/AE31 -> 0.66360217 | AH31: ='[2]Oct-Dec''25'!AM31+'[2]Apr-Sep''25'!AM31 -> 0 | AI31: ='[2]Oct-Dec''25'!AN31+'[2]Apr-Sep''25'!AN31 -> 0 | AJ31: =AI31/AH31 -> #DIV/0! | AK31: ='[2]Oct-Dec''25'!AP31+'[2]Apr-Sep''25'!AP31 -> 302 | AL31: ='[2]Oct-Dec''25'!AQ31+'[2]Apr-Sep''25'!AQ31 -> 93 | AM31: =AL31/AK31 -> 0.30794702 | AN31: ='[2]Oct-Dec''25'!AS31+'[2]Apr-Sep''25'!AS31 -> 387 | AO31: ='[2]Oct-Dec''25'!AT31+'[2]Apr-Sep''25'!AT31 -> 340 | AP31: =AO31/AN31 -> 0.87855297 | AQ31: ='[2]Oct-Dec''25'!AV31+'[2]Apr-Sep''25'!AV31 -> 14 | AR31: ='[2]Oct-Dec''25'!AW31+'[2]Apr-Sep''25'!AW31 -> 7 | AS31: =AR31/AQ31 -> 0.5 | AT31: ='[2]Oct-Dec''25'!AY31+'[2]Apr-Sep''25'!AY31 -> 554 | AU31: ='[2]Oct-Dec''25'!AZ31+'[2]Apr-Sep''25'!AZ31 -> 471 | AV31: =AU31/AT31 -> 0.85018051 | AW31: =AN31+AQ31+AT31 -> 955 | AX31: =AO31+AR31+AU31 -> 818 | AY31: =AX31/AW31 -> 0.8565445 | AZ31: ='[2]Oct-Dec''25'!BB31+'[2]Apr-Sep''25'!BB31 -> 535 | BA31: ='[2]Oct-Dec''25'!BC31+'[2]Apr-Sep''25'!BC31 -> 245 | BB31: =IFERROR(BA31/AZ31,0) -> 0.45794393 | BC31: ='[2]Oct-Dec''25'!BE31+'[2]Apr-Sep''25'!BE31 -> 0 | BD31: ='[2]Oct-Dec''25'!BF31+'[2]Apr-Sep''25'!BF31 -> 18 | BE31: =IFERROR(BD31/BC31,0) -> 0 | BF31: ='[2]Oct-Dec''25'!BH31+'[2]Apr-Sep''25'!BH31 -> 128 | BG31: ='[2]Oct-Dec''25'!BI31+'[2]Apr-Sep''25'!BI31 -> 84 | BH31: =IFERROR(BG31/BF31,0) -> 0.65625 | BI31: ='[2]Oct-Dec''25'!BK31+'[2]Apr-Sep''25'!BK31 -> 121 | BJ31: ='[2]Oct-Dec''25'!BL31+'[2]Apr-Sep''25'!BL31 -> 83 | BK31: =IFERROR(BJ31/BI31,0) -> 0.68595041 | BL31: ='[2]Oct-Dec''25'!BN31+'[2]Apr-Sep''25'!BN31 -> 91 | BM31: ='[2]Oct-Dec''25'!BO31+'[2]Apr-Sep''25'!BO31 -> 53 | BN31: =IFERROR(BM31/BL31,0) -> 0.58241758 | BO31: ='[2]Oct-Dec''25'!BQ31+'[2]Apr-Sep''25'!BQ31 -> 72 | BP31: ='[2]Oct-Dec''25'!BR31+'[2]Apr-Sep''25'!BR31 -> 41 | BQ31: =IFERROR(BP31/BO31,0) -> 0.56944444 | BR31: ='[2]Oct-Dec''25'!BT31+'[2]Apr-Sep''25'!BT31 -> 52 | BS31: ='[2]Oct-Dec''25'!BU31+'[2]Apr-Sep''25'!BU31 -> 26 | BT31: =IFERROR(BS31/BR31,0) -> 0.5 | BU31: ='[2]Oct-Dec''25'!BW31+'[2]Apr-Sep''25'!BW31 -> 1 | BV31: ='[2]Oct-Dec''25'!BX31+'[2]Apr-Sep''25'!BX31 -> 1 | BW31: =IFERROR(BV31/BU31,0) -> 1 | BX31: ='[2]Oct-Dec''25'!BZ31+'[2]Apr-Sep''25'!BZ31 -> 961 | BY31: ='[2]Oct-Dec''25'!CA31+'[2]Apr-Sep''25'!CA31 -> 929 | BZ31: =IFERROR(BY31/BX31,0) -> 0.96670135 | CA31: ='[2]Oct-Dec''25'!CC31+'[2]Apr-Sep''25'!CC31 -> 109 | CB31: ='[2]Oct-Dec''25'!CD31+'[2]Apr-Sep''25'!CD31 -> 109 | CC31: =IFERROR(CB31/CA31,0) -> 1 | CD31: ='[2]Oct-Dec''25'!CF31+'[2]Apr-Sep''25'!CF31 -> 116 | CE31: ='[2]Oct-Dec''25'!CG31+'[2]Apr-Sep''25'!CG31 -> 116 | CF31: =IFERROR(CE31/CD31,0) -> 1
A32: ='[2]Oct-Dec''25'!A32 -> 26 | B32: ='[2]Oct-Dec''25'!B32 -> CHRI | C32: ='[2]Oct-Dec''25'!C32 -> Nagaland | D32: ='[2]Oct-Dec''25'!D32 -> NNP+ | E32: ='[2]Oct-Dec''25'!E32 -> DIMAPUR | F32: Apr-Dec'25 | G32: ='[2]Oct-Dec''25'!H32+'[2]Apr-Sep''25'!H32 -> 835 | H32: ='[2]Oct-Dec''25'!I32+'[2]Apr-Sep''25'!I32 -> 826 | I32: =H32/G32 -> 0.98922156 | J32: ='[2]Oct-Dec''25'!K32+'[2]Apr-Sep''25'!K32 -> 0 | K32: ='[2]Oct-Dec''25'!L32+'[2]Apr-Sep''25'!L32 -> 0 | M32: ='[2]Oct-Dec''25'!N32+'[2]Apr-Sep''25'!N32 -> 829 | N32: ='[2]Oct-Dec''25'!O32+'[2]Apr-Sep''25'!O32 -> 827 | O32: =N32/M32 -> 0.99758745 | P32: ='[2]Oct-Dec''25'!Q32+'[2]Apr-Sep''25'!Q32 -> 765 | Q32: ='[2]Oct-Dec''25'!R32+'[2]Apr-Sep''25'!R32 -> 613 | R32: =Q32/P32 -> 0.80130719 | S32: ='[2]Oct-Dec''25'!T32+'[2]Apr-Sep''25'!T32 -> 4632 | T32: ='[2]Oct-Dec''25'!U32+'[2]Apr-Sep''25'!U32 -> 3293 | U32: =T32/S32 -> 0.71092401 | V32: ='[2]Oct-Dec''25'!W32+'[2]Apr-Sep''25'!W32 -> 1901 | W32: ='[2]Oct-Dec''25'!Y32+'[2]Apr-Sep''25'!Y32 -> 1030 | X32: =W32/V32 -> 0.54182009 | Y32: ='[2]Oct-Dec''25'!AA32+'[2]Apr-Sep''25'!AA32 -> 510 | Z32: ='[2]Oct-Dec''25'!AB32+'[2]Apr-Sep''25'!AB32 -> 502 | AA32: =Z32/Y32 -> 0.98431373 | AB32: ='[2]Oct-Dec''25'!AD32+'[2]Apr-Sep''25'!AD32 -> 656 | AC32: ='[2]Oct-Dec''25'!AE32+'[2]Apr-Sep''25'!AE32 -> 98 | AD32: =AC32/AB32 -> 0.14939024 | AE32: ='[2]Oct-Dec''25'!AJ32+'[2]Apr-Sep''25'!AJ32 -> 4351 | AF32: ='[2]Oct-Dec''25'!AK32+'[2]Apr-Sep''25'!AK32 -> 2912 | AG32: =AF32/AE32 -> 0.66927143 | AH32: ='[2]Oct-Dec''25'!AM32+'[2]Apr-Sep''25'!AM32 -> 8 | AI32: ='[2]Oct-Dec''25'!AN32+'[2]Apr-Sep''25'!AN32 -> 6 | AJ32: =AI32/AH32 -> 0.75 | AK32: ='[2]Oct-Dec''25'!AP32+'[2]Apr-Sep''25'!AP32 -> 166 | AL32: ='[2]Oct-Dec''25'!AQ32+'[2]Apr-Sep''25'!AQ32 -> 74 | AM32: =AL32/AK32 -> 0.44578313 | AN32: ='[2]Oct-Dec''25'!AS32+'[2]Apr-Sep''25'!AS32 -> 188 | AO32: ='[2]Oct-Dec''25'!AT32+'[2]Apr-Sep''25'!AT32 -> 103 | AP32: =AO32/AN32 -> 0.54787234 | AQ32: ='[2]Oct-Dec''25'!AV32+'[2]Apr-Sep''25'!AV32 -> 7 | AR32: ='[2]Oct-Dec''25'!AW32+'[2]Apr-Sep''25'!AW32 -> 4 | AS32: =AR32/AQ32 -> 0.57142857 | AT32: ='[2]Oct-Dec''25'!AY32+'[2]Apr-Sep''25'!AY32 -> 136 | AU32: ='[2]Oct-Dec''25'!AZ32+'[2]Apr-Sep''25'!AZ32 -> 123 | AV32: =AU32/AT32 -> 0.90441176 | AW32: =AN32+AQ32+AT32 -> 331 | AX32: =AO32+AR32+AU32 -> 230 | AY32: =AX32/AW32 -> 0.69486405 | AZ32: ='[2]Oct-Dec''25'!BB32+'[2]Apr-Sep''25'!BB32 -> 127 | BA32: ='[2]Oct-Dec''25'!BC32+'[2]Apr-Sep''25'!BC32 -> 91 | BB32: =IFERROR(BA32/AZ32,0) -> 0.71653543 | BC32: ='[2]Oct-Dec''25'!BE32+'[2]Apr-Sep''25'!BE32 -> 39 | BD32: ='[2]Oct-Dec''25'!BF32+'[2]Apr-Sep''25'!BF32 -> 39 | BE32: =IFERROR(BD32/BC32,0) -> 1 | BF32: ='[2]Oct-Dec''25'!BH32+'[2]Apr-Sep''25'!BH32 -> 51 | BG32: ='[2]Oct-Dec''25'!BI32+'[2]Apr-Sep''25'!BI32 -> 49 | BH32: =IFERROR(BG32/BF32,0) -> 0.96078431 | BI32: ='[2]Oct-Dec''25'!BK32+'[2]Apr-Sep''25'!BK32 -> 45 | BJ32: ='[2]Oct-Dec''25'!BL32+'[2]Apr-Sep''25'!BL32 -> 45 | BK32: =IFERROR(BJ32/BI32,0) -> 1 | BL32: ='[2]Oct-Dec''25'!BN32+'[2]Apr-Sep''25'!BN32 -> 29 | BM32: ='[2]Oct-Dec''25'!BO32+'[2]Apr-Sep''25'!BO32 -> 29 | BN32: =IFERROR(BM32/BL32,0) -> 1 | BO32: ='[2]Oct-Dec''25'!BQ32+'[2]Apr-Sep''25'!BQ32 -> 22 | BP32: ='[2]Oct-Dec''25'!BR32+'[2]Apr-Sep''25'!BR32 -> 22 | BQ32: =IFERROR(BP32/BO32,0) -> 1 | BR32: ='[2]Oct-Dec''25'!BT32+'[2]Apr-Sep''25'!BT32 -> 15 | BS32: ='[2]Oct-Dec''25'!BU32+'[2]Apr-Sep''25'!BU32 -> 12 | BT32: =IFERROR(BS32/BR32,0) -> 0.8 | BU32: ='[2]Oct-Dec''25'!BW32+'[2]Apr-Sep''25'!BW32 -> 0 | BV32: ='[2]Oct-Dec''25'!BX32+'[2]Apr-Sep''25'!BX32 -> 0 | BW32: =IFERROR(BV32/BU32,0) -> 0 | BX32: ='[2]Oct-Dec''25'!BZ32+'[2]Apr-Sep''25'!BZ32 -> 826 | BY32: ='[2]Oct-Dec''25'!CA32+'[2]Apr-Sep''25'!CA32 -> 697 | BZ32: =IFERROR(BY32/BX32,0) -> 0.84382567 | CA32: ='[2]Oct-Dec''25'!CC32+'[2]Apr-Sep''25'!CC32 -> 124 | CB32: ='[2]Oct-Dec''25'!CD32+'[2]Apr-Sep''25'!CD32 -> 137 | CC32: =IFERROR(CB32/CA32,0) -> 1.1048387 | CD32: ='[2]Oct-Dec''25'!CF32+'[2]Apr-Sep''25'!CF32 -> 0 | CE32: ='[2]Oct-Dec''25'!CG32+'[2]Apr-Sep''25'!CG32 -> 0 | CF32: =IFERROR(CE32/CD32,0) -> 0
A33: ='[2]Oct-Dec''25'!A33 -> 27 | B33: ='[2]Oct-Dec''25'!B33 -> CHRI | C33: ='[2]Oct-Dec''25'!C33 -> Nagaland | D33: ='[2]Oct-Dec''25'!D33 -> NETWORK OF KOHIMA DISTRICT PEOPLE LIVING WITH HIV/AIDS(KNP+) | E33: ='[2]Oct-Dec''25'!E33 -> KOHIMA | F33: Apr-Dec'25 | G33: ='[2]Oct-Dec''25'!H33+'[2]Apr-Sep''25'!H33 -> 384 | H33: ='[2]Oct-Dec''25'!I33+'[2]Apr-Sep''25'!I33 -> 412 | I33: =H33/G33 -> 1.0729167 | J33: ='[2]Oct-Dec''25'!K33+'[2]Apr-Sep''25'!K33 -> 0 | K33: ='[2]Oct-Dec''25'!L33+'[2]Apr-Sep''25'!L33 -> 0 | M33: ='[2]Oct-Dec''25'!N33+'[2]Apr-Sep''25'!N33 -> 456 | N33: ='[2]Oct-Dec''25'!O33+'[2]Apr-Sep''25'!O33 -> 456 | O33: =N33/M33 -> 1 | P33: ='[2]Oct-Dec''25'!Q33+'[2]Apr-Sep''25'!Q33 -> 343 | Q33: ='[2]Oct-Dec''25'!R33+'[2]Apr-Sep''25'!R33 -> 290 | R33: =Q33/P33 -> 0.84548105 | S33: ='[2]Oct-Dec''25'!T33+'[2]Apr-Sep''25'!T33 -> 1640 | T33: ='[2]Oct-Dec''25'!U33+'[2]Apr-Sep''25'!U33 -> 1187 | U33: =T33/S33 -> 0.72378049 | V33: ='[2]Oct-Dec''25'!W33+'[2]Apr-Sep''25'!W33 -> 517 | W33: ='[2]Oct-Dec''25'!Y33+'[2]Apr-Sep''25'!Y33 -> 309 | X33: =W33/V33 -> 0.59767892 | Y33: ='[2]Oct-Dec''25'!AA33+'[2]Apr-Sep''25'!AA33 -> 163 | Z33: ='[2]Oct-Dec''25'!AB33+'[2]Apr-Sep''25'!AB33 -> 163 | AA33: =Z33/Y33 -> 1 | AB33: ='[2]Oct-Dec''25'!AD33+'[2]Apr-Sep''25'!AD33 -> 179 | AC33: ='[2]Oct-Dec''25'!AE33+'[2]Apr-Sep''25'!AE33 -> 69 | AD33: =AC33/AB33 -> 0.38547486 | AE33: ='[2]Oct-Dec''25'!AJ33+'[2]Apr-Sep''25'!AJ33 -> 2645 | AF33: ='[2]Oct-Dec''25'!AK33+'[2]Apr-Sep''25'!AK33 -> 2157 | AG33: =AF33/AE33 -> 0.81550095 | AH33: ='[2]Oct-Dec''25'!AM33+'[2]Apr-Sep''25'!AM33 -> 0 | AI33: ='[2]Oct-Dec''25'!AN33+'[2]Apr-Sep''25'!AN33 -> 0 | AJ33: =AI33/AH33 -> #DIV/0! | AK33: ='[2]Oct-Dec''25'!AP33+'[2]Apr-Sep''25'!AP33 -> 79 | AL33: ='[2]Oct-Dec''25'!AQ33+'[2]Apr-Sep''25'!AQ33 -> 21 | AM33: =AL33/AK33 -> 0.26582278 | AN33: ='[2]Oct-Dec''25'!AS33+'[2]Apr-Sep''25'!AS33 -> 32 | AO33: ='[2]Oct-Dec''25'!AT33+'[2]Apr-Sep''25'!AT33 -> 1 | AP33: =AO33/AN33 -> 0.03125 | AQ33: ='[2]Oct-Dec''25'!AV33+'[2]Apr-Sep''25'!AV33 -> 2 | AR33: ='[2]Oct-Dec''25'!AW33+'[2]Apr-Sep''25'!AW33 -> 0 | AS33: =AR33/AQ33 -> 0 | AT33: ='[2]Oct-Dec''25'!AY33+'[2]Apr-Sep''25'!AY33 -> 68 | AU33: ='[2]Oct-Dec''25'!AZ33+'[2]Apr-Sep''25'!AZ33 -> 1 | AV33: =AU33/AT33 -> 0.014705882 | AW33: =AN33+AQ33+AT33 -> 102 | AX33: =AO33+AR33+AU33 -> 2 | AY33: =AX33/AW33 -> 0.019607843 | AZ33: ='[2]Oct-Dec''25'!BB33+'[2]Apr-Sep''25'!BB33 -> 580 | BA33: ='[2]Oct-Dec''25'!BC33+'[2]Apr-Sep''25'!BC33 -> 77 | BB33: =IFERROR(BA33/AZ33,0) -> 0.13275862 | BC33: ='[2]Oct-Dec''25'!BE33+'[2]Apr-Sep''25'!BE33 -> 18 | BD33: ='[2]Oct-Dec''25'!BF33+'[2]Apr-Sep''25'!BF33 -> 18 | BE33: =IFERROR(BD33/BC33,0) -> 1 | BF33: ='[2]Oct-Dec''25'!BH33+'[2]Apr-Sep''25'!BH33 -> 29 | BG33: ='[2]Oct-Dec''25'!BI33+'[2]Apr-Sep''25'!BI33 -> 28 | BH33: =IFERROR(BG33/BF33,0) -> 0.96551724 | BI33: ='[2]Oct-Dec''25'!BK33+'[2]Apr-Sep''25'!BK33 -> 40 | BJ33: ='[2]Oct-Dec''25'!BL33+'[2]Apr-Sep''25'!BL33 -> 39 | BK33: =IFERROR(BJ33/BI33,0) -> 0.975 | BL33: ='[2]Oct-Dec''25'!BN33+'[2]Apr-Sep''25'!BN33 -> 26 | BM33: ='[2]Oct-Dec''25'!BO33+'[2]Apr-Sep''25'!BO33 -> 26 | BN33: =IFERROR(BM33/BL33,0) -> 1 | BO33: ='[2]Oct-Dec''25'!BQ33+'[2]Apr-Sep''25'!BQ33 -> 21 | BP33: ='[2]Oct-Dec''25'!BR33+'[2]Apr-Sep''25'!BR33 -> 21 | BQ33: =IFERROR(BP33/BO33,0) -> 1 | BR33: ='[2]Oct-Dec''25'!BT33+'[2]Apr-Sep''25'!BT33 -> 35 | BS33: ='[2]Oct-Dec''25'!BU33+'[2]Apr-Sep''25'!BU33 -> 35 | BT33: =IFERROR(BS33/BR33,0) -> 1 | BU33: ='[2]Oct-Dec''25'!BW33+'[2]Apr-Sep''25'!BW33 -> 0 | BV33: ='[2]Oct-Dec''25'!BX33+'[2]Apr-Sep''25'!BX33 -> 0 | BW33: =IFERROR(BV33/BU33,0) -> 0 | BX33: ='[2]Oct-Dec''25'!BZ33+'[2]Apr-Sep''25'!BZ33 -> 412 | BY33: ='[2]Oct-Dec''25'!CA33+'[2]Apr-Sep''25'!CA33 -> 416 | BZ33: =IFERROR(BY33/BX33,0) -> 1.0097087 | CA33: ='[2]Oct-Dec''25'!CC33+'[2]Apr-Sep''25'!CC33 -> 16 | CB33: ='[2]Oct-Dec''25'!CD33+'[2]Apr-Sep''25'!CD33 -> 22 | CC33: =IFERROR(CB33/CA33,0) -> 1.375 | CD33: ='[2]Oct-Dec''25'!CF33+'[2]Apr-Sep''25'!CF33 -> 7 | CE33: ='[2]Oct-Dec''25'!CG33+'[2]Apr-Sep''25'!CG33 -> 7 | CF33: =IFERROR(CE33/CD33,0) -> 1
A34: ='[2]Oct-Dec''25'!A34 -> 28 | B34: ='[2]Oct-Dec''25'!B34 -> CHRI | C34: ='[2]Oct-Dec''25'!C34 -> Nagaland | D34: ='[2]Oct-Dec''25'!D34 -> TUENSANG | E34: ='[2]Oct-Dec''25'!E34 -> #REF! | F34: Apr-Dec'25 | G34: ='[2]Oct-Dec''25'!H34+'[2]Apr-Sep''25'!H34 -> 247 | H34: ='[2]Oct-Dec''25'!I34+'[2]Apr-Sep''25'!I34 -> 199 | I34: =H34/G34 -> 0.80566802 | J34: ='[2]Oct-Dec''25'!K34+'[2]Apr-Sep''25'!K34 -> 1 | K34: ='[2]Oct-Dec''25'!L34+'[2]Apr-Sep''25'!L34 -> 0 | L34: =K34/J34 -> 0 | M34: ='[2]Oct-Dec''25'!N34+'[2]Apr-Sep''25'!N34 -> 362 | N34: ='[2]Oct-Dec''25'!O34+'[2]Apr-Sep''25'!O34 -> 359 | O34: =N34/M34 -> 0.99171271 | P34: ='[2]Oct-Dec''25'!Q34+'[2]Apr-Sep''25'!Q34 -> 339 | Q34: ='[2]Oct-Dec''25'!R34+'[2]Apr-Sep''25'!R34 -> 287 | R34: =Q34/P34 -> 0.84660767 | S34: ='[2]Oct-Dec''25'!T34+'[2]Apr-Sep''25'!T34 -> 2302 | T34: ='[2]Oct-Dec''25'!U34+'[2]Apr-Sep''25'!U34 -> 1916 | U34: =T34/S34 -> 0.83231972 | V34: ='[2]Oct-Dec''25'!W34+'[2]Apr-Sep''25'!W34 -> 260 | W34: ='[2]Oct-Dec''25'!Y34+'[2]Apr-Sep''25'!Y34 -> 182 | X34: =W34/V34 -> 0.7 | Y34: ='[2]Oct-Dec''25'!AA34+'[2]Apr-Sep''25'!AA34 -> 398 | Z34: ='[2]Oct-Dec''25'!AB34+'[2]Apr-Sep''25'!AB34 -> 390 | AA34: =Z34/Y34 -> 0.9798995 | AB34: ='[2]Oct-Dec''25'!AD34+'[2]Apr-Sep''25'!AD34 -> 322 | AC34: ='[2]Oct-Dec''25'!AE34+'[2]Apr-Sep''25'!AE34 -> 43 | AD34: =AC34/AB34 -> 0.13354037 | AE34: ='[2]Oct-Dec''25'!AJ34+'[2]Apr-Sep''25'!AJ34 -> 1562 | AF34: ='[2]Oct-Dec''25'!AK34+'[2]Apr-Sep''25'!AK34 -> 1078 | AG34: =AF34/AE34 -> 0.69014085 | AH34: ='[2]Oct-Dec''25'!AM34+'[2]Apr-Sep''25'!AM34 -> 0 | AI34: ='[2]Oct-Dec''25'!AN34+'[2]Apr-Sep''25'!AN34 -> 0 | AJ34: =AI34/AH34 -> #DIV/0! | AK34: ='[2]Oct-Dec''25'!AP34+'[2]Apr-Sep''25'!AP34 -> 79 | AL34: ='[2]Oct-Dec''25'!AQ34+'[2]Apr-Sep''25'!AQ34 -> 64 | AM34: =AL34/AK34 -> 0.81012658 | AN34: ='[2]Oct-Dec''25'!AS34+'[2]Apr-Sep''25'!AS34 -> 56 | AO34: ='[2]Oct-Dec''25'!AT34+'[2]Apr-Sep''25'!AT34 -> 39 | AP34: =AO34/AN34 -> 0.69642857 | AQ34: ='[2]Oct-Dec''25'!AV34+'[2]Apr-Sep''25'!AV34 -> 0 | AR34: ='[2]Oct-Dec''25'!AW34+'[2]Apr-Sep''25'!AW34 -> 0 | AS34: =AR34/AQ34 -> #DIV/0! | AT34: ='[2]Oct-Dec''25'!AY34+'[2]Apr-Sep''25'!AY34 -> 33 | AU34: ='[2]Oct-Dec''25'!AZ34+'[2]Apr-Sep''25'!AZ34 -> 28 | AV34: =AU34/AT34 -> 0.84848485 | AW34: =AN34+AQ34+AT34 -> 89 | AX34: =AO34+AR34+AU34 -> 67 | AY34: =AX34/AW34 -> 0.75280899 | AZ34: ='[2]Oct-Dec''25'!BB34+'[2]Apr-Sep''25'!BB34 -> 365 | BA34: ='[2]Oct-Dec''25'!BC34+'[2]Apr-Sep''25'!BC34 -> 128 | BB34: =IFERROR(BA34/AZ34,0) -> 0.35068493 | BC34: ='[2]Oct-Dec''25'!BE34+'[2]Apr-Sep''25'!BE34 -> 8 | BD34: ='[2]Oct-Dec''25'!BF34+'[2]Apr-Sep''25'!BF34 -> 8 | BE34: =IFERROR(BD34/BC34,0) -> 1 | BF34: ='[2]Oct-Dec''25'!BH34+'[2]Apr-Sep''25'!BH34 -> 24 | BG34: ='[2]Oct-Dec''25'!BI34+'[2]Apr-Sep''25'!BI34 -> 24 | BH34: =IFERROR(BG34/BF34,0) -> 1 | BI34: ='[2]Oct-Dec''25'!BK34+'[2]Apr-Sep''25'!BK34 -> 24 | BJ34: ='[2]Oct-Dec''25'!BL34+'[2]Apr-Sep''25'!BL34 -> 24 | BK34: =IFERROR(BJ34/BI34,0) -> 1 | BL34: ='[2]Oct-Dec''25'!BN34+'[2]Apr-Sep''25'!BN34 -> 25 | BM34: ='[2]Oct-Dec''25'!BO34+'[2]Apr-Sep''25'!BO34 -> 25 | BN34: =IFERROR(BM34/BL34,0) -> 1 | BO34: ='[2]Oct-Dec''25'!BQ34+'[2]Apr-Sep''25'!BQ34 -> 29 | BP34: ='[2]Oct-Dec''25'!BR34+'[2]Apr-Sep''25'!BR34 -> 29 | BQ34: =IFERROR(BP34/BO34,0) -> 1 | BR34: ='[2]Oct-Dec''25'!BT34+'[2]Apr-Sep''25'!BT34 -> 19 | BS34: ='[2]Oct-Dec''25'!BU34+'[2]Apr-Sep''25'!BU34 -> 19 | BT34: =IFERROR(BS34/BR34,0) -> 1 | BU34: ='[2]Oct-Dec''25'!BW34+'[2]Apr-Sep''25'!BW34 -> 1 | BV34: ='[2]Oct-Dec''25'!BX34+'[2]Apr-Sep''25'!BX34 -> 1 | BW34: =IFERROR(BV34/BU34,0) -> 1 | BX34: ='[2]Oct-Dec''25'!BZ34+'[2]Apr-Sep''25'!BZ34 -> 199 | BY34: ='[2]Oct-Dec''25'!CA34+'[2]Apr-Sep''25'!CA34 -> 348 | BZ34: =IFERROR(BY34/BX34,0) -> 1.7487437 | CA34: ='[2]Oct-Dec''25'!CC34+'[2]Apr-Sep''25'!CC34 -> 26 | CB34: ='[2]Oct-Dec''25'!CD34+'[2]Apr-Sep''25'!CD34 -> 30 | CC34: =IFERROR(CB34/CA34,0) -> 1.1538462 | CD34: ='[2]Oct-Dec''25'!CF34+'[2]Apr-Sep''25'!CF34 -> 0 | CE34: ='[2]Oct-Dec''25'!CG34+'[2]Apr-Sep''25'!CG34 -> 0 | CF34: =IFERROR(CE34/CD34,0) -> 0
A35: ='[2]Oct-Dec''25'!A35 -> 29 | B35: ='[2]Oct-Dec''25'!B35 -> YRG Care | C35: ='[2]Oct-Dec''25'!C35 -> Odisha | D35: ='[2]Oct-Dec''25'!D35 -> KNP+ | E35: ='[2]Oct-Dec''25'!E35 -> MAYURBHANJ | F35: Apr-Dec'25 | G35: ='[2]Oct-Dec''25'!H35+'[2]Apr-Sep''25'!H35 -> 105 | H35: ='[2]Oct-Dec''25'!I35+'[2]Apr-Sep''25'!I35 -> 342 | I35: =H35/G35 -> 3.2571429 | J35: ='[2]Oct-Dec''25'!K35+'[2]Apr-Sep''25'!K35 -> 2 | K35: ='[2]Oct-Dec''25'!L35+'[2]Apr-Sep''25'!L35 -> 1 | L35: =K35/J35 -> 0.5 | M35: ='[2]Oct-Dec''25'!N35+'[2]Apr-Sep''25'!N35 -> 73 | N35: ='[2]Oct-Dec''25'!O35+'[2]Apr-Sep''25'!O35 -> 73 | O35: =N35/M35 -> 1 | P35: ='[2]Oct-Dec''25'!Q35+'[2]Apr-Sep''25'!Q35 -> 39 | Q35: ='[2]Oct-Dec''25'!R35+'[2]Apr-Sep''25'!R35 -> 33 | R35: =Q35/P35 -> 0.84615385 | S35: ='[2]Oct-Dec''25'!T35+'[2]Apr-Sep''25'!T35 -> 397 | T35: ='[2]Oct-Dec''25'!U35+'[2]Apr-Sep''25'!U35 -> 340 | U35: =T35/S35 -> 0.85642317 | V35: ='[2]Oct-Dec''25'!W35+'[2]Apr-Sep''25'!W35 -> 239 | W35: ='[2]Oct-Dec''25'!Y35+'[2]Apr-Sep''25'!Y35 -> 208 | X35: =W35/V35 -> 0.87029289 | Y35: ='[2]Oct-Dec''25'!AA35+'[2]Apr-Sep''25'!AA35 -> 0 | Z35: ='[2]Oct-Dec''25'!AB35+'[2]Apr-Sep''25'!AB35 -> 0 | AA35: =Z35/Y35 -> #DIV/0! | AB35: ='[2]Oct-Dec''25'!AD35+'[2]Apr-Sep''25'!AD35 -> 0 | AC35: ='[2]Oct-Dec''25'!AE35+'[2]Apr-Sep''25'!AE35 -> 0 | AD35: =AC35/AB35 -> #DIV/0! | AE35: ='[2]Oct-Dec''25'!AJ35+'[2]Apr-Sep''25'!AJ35 -> 430 | AF35: ='[2]Oct-Dec''25'!AK35+'[2]Apr-Sep''25'!AK35 -> 348 | AG35: =AF35/AE35 -> 0.80930233 | AH35: ='[2]Oct-Dec''25'!AM35+'[2]Apr-Sep''25'!AM35 -> 0 | AI35: ='[2]Oct-Dec''25'!AN35+'[2]Apr-Sep''25'!AN35 -> 0 | AJ35: =AI35/AH35 -> #DIV/0! | AK35: ='[2]Oct-Dec''25'!AP35+'[2]Apr-Sep''25'!AP35 -> 59 | AL35: ='[2]Oct-Dec''25'!AQ35+'[2]Apr-Sep''25'!AQ35 -> 29 | AM35: =AL35/AK35 -> 0.49152542 | AN35: ='[2]Oct-Dec''25'!AS35+'[2]Apr-Sep''25'!AS35 -> 28 | AO35: ='[2]Oct-Dec''25'!AT35+'[2]Apr-Sep''25'!AT35 -> 14 | AP35: =AO35/AN35 -> 0.5 | AQ35: ='[2]Oct-Dec''25'!AV35+'[2]Apr-Sep''25'!AV35 -> 1 | AR35: ='[2]Oct-Dec''25'!AW35+'[2]Apr-Sep''25'!AW35 -> 1 | AS35: =AR35/AQ35 -> 1 | AT35: ='[2]Oct-Dec''25'!AY35+'[2]Apr-Sep''25'!AY35 -> 38 | AU35: ='[2]Oct-Dec''25'!AZ35+'[2]Apr-Sep''25'!AZ35 -> 29 | AV35: =AU35/AT35 -> 0.76315789 | AW35: =AN35+AQ35+AT35 -> 67 | AX35: =AO35+AR35+AU35 -> 44 | AY35: =AX35/AW35 -> 0.65671642 | AZ35: ='[2]Oct-Dec''25'!BB35+'[2]Apr-Sep''25'!BB35 -> 35 | BA35: ='[2]Oct-Dec''25'!BC35+'[2]Apr-Sep''25'!BC35 -> 23 | BB35: =IFERROR(BA35/AZ35,0) -> 0.65714286 | BC35: ='[2]Oct-Dec''25'!BE35+'[2]Apr-Sep''25'!BE35 -> 6 | BD35: ='[2]Oct-Dec''25'!BF35+'[2]Apr-Sep''25'!BF35 -> 2 | BE35: =IFERROR(BD35/BC35,0) -> 0.33333333 | BF35: ='[2]Oct-Dec''25'!BH35+'[2]Apr-Sep''25'!BH35 -> 3 | BG35: ='[2]Oct-Dec''25'!BI35+'[2]Apr-Sep''25'!BI35 -> 3 | BH35: =IFERROR(BG35/BF35,0) -> 1 | BI35: ='[2]Oct-Dec''25'!BK35+'[2]Apr-Sep''25'!BK35 -> 9 | BJ35: ='[2]Oct-Dec''25'!BL35+'[2]Apr-Sep''25'!BL35 -> 9 | BK35: =IFERROR(BJ35/BI35,0) -> 1 | BL35: ='[2]Oct-Dec''25'!BN35+'[2]Apr-Sep''25'!BN35 -> 11 | BM35: ='[2]Oct-Dec''25'!BO35+'[2]Apr-Sep''25'!BO35 -> 8 | BN35: =IFERROR(BM35/BL35,0) -> 0.72727273 | BO35: ='[2]Oct-Dec''25'!BQ35+'[2]Apr-Sep''25'!BQ35 -> 7 | BP35: ='[2]Oct-Dec''25'!BR35+'[2]Apr-Sep''25'!BR35 -> 6 | BQ35: =IFERROR(BP35/BO35,0) -> 0.85714286 | BR35: ='[2]Oct-Dec''25'!BT35+'[2]Apr-Sep''25'!BT35 -> 11 | BS35: ='[2]Oct-Dec''25'!BU35+'[2]Apr-Sep''25'!BU35 -> 11 | BT35: =IFERROR(BS35/BR35,0) -> 1 | BU35: ='[2]Oct-Dec''25'!BW35+'[2]Apr-Sep''25'!BW35 -> 1 | BV35: ='[2]Oct-Dec''25'!BX35+'[2]Apr-Sep''25'!BX35 -> 1 | BW35: =IFERROR(BV35/BU35,0) -> 1 | BX35: ='[2]Oct-Dec''25'!BZ35+'[2]Apr-Sep''25'!BZ35 -> 342 | BY35: ='[2]Oct-Dec''25'!CA35+'[2]Apr-Sep''25'!CA35 -> 83 | BZ35: =IFERROR(BY35/BX35,0) -> 0.24269006 | CA35: ='[2]Oct-Dec''25'!CC35+'[2]Apr-Sep''25'!CC35 -> 12 | CB35: ='[2]Oct-Dec''25'!CD35+'[2]Apr-Sep''25'!CD35 -> 12 | CC35: =IFERROR(CB35/CA35,0) -> 1 | CD35: ='[2]Oct-Dec''25'!CF35+'[2]Apr-Sep''25'!CF35 -> 0 | CE35: ='[2]Oct-Dec''25'!CG35+'[2]Apr-Sep''25'!CG35 -> 0 | CF35: =IFERROR(CE35/CD35,0) -> 0
A36: ='[2]Oct-Dec''25'!A36 -> 30 | B36: ='[2]Oct-Dec''25'!B36 -> YRG Care | C36: ='[2]Oct-Dec''25'!C36 -> Rajasthan | D36: ='[2]Oct-Dec''25'!D36 -> ALWAR NETWORK FOR PEOPLE LIVING WITH HIV/AIDS - ALWAR | E36: ='[2]Oct-Dec''25'!E36 -> ALWAR | F36: Apr-Dec'25 | G36: ='[2]Oct-Dec''25'!H36+'[2]Apr-Sep''25'!H36 -> 190 | H36: ='[2]Oct-Dec''25'!I36+'[2]Apr-Sep''25'!I36 -> 190 | I36: =H36/G36 -> 1 | J36: ='[2]Oct-Dec''25'!K36+'[2]Apr-Sep''25'!K36 -> 5 | K36: ='[2]Oct-Dec''25'!L36+'[2]Apr-Sep''25'!L36 -> 3 | L36: =K36/J36 -> 0.6 | M36: ='[2]Oct-Dec''25'!N36+'[2]Apr-Sep''25'!N36 -> 166 | N36: ='[2]Oct-Dec''25'!O36+'[2]Apr-Sep''25'!O36 -> 166 | O36: =N36/M36 -> 1 | P36: ='[2]Oct-Dec''25'!Q36+'[2]Apr-Sep''25'!Q36 -> 144 | Q36: ='[2]Oct-Dec''25'!R36+'[2]Apr-Sep''25'!R36 -> 126 | R36: =Q36/P36 -> 0.875 | S36: ='[2]Oct-Dec''25'!T36+'[2]Apr-Sep''25'!T36 -> 1045 | T36: ='[2]Oct-Dec''25'!U36+'[2]Apr-Sep''25'!U36 -> 676 | U36: =T36/S36 -> 0.64688995 | V36: ='[2]Oct-Dec''25'!W36+'[2]Apr-Sep''25'!W36 -> 390 | W36: ='[2]Oct-Dec''25'!Y36+'[2]Apr-Sep''25'!Y36 -> 276 | X36: =W36/V36 -> 0.70769231 | Y36: ='[2]Oct-Dec''25'!AA36+'[2]Apr-Sep''25'!AA36 -> 214 | Z36: ='[2]Oct-Dec''25'!AB36+'[2]Apr-Sep''25'!AB36 -> 214 | AA36: =Z36/Y36 -> 1 | AB36: ='[2]Oct-Dec''25'!AD36+'[2]Apr-Sep''25'!AD36 -> 145 | AC36: ='[2]Oct-Dec''25'!AE36+'[2]Apr-Sep''25'!AE36 -> 26 | AD36: =AC36/AB36 -> 0.17931034 | AE36: ='[2]Oct-Dec''25'!AJ36+'[2]Apr-Sep''25'!AJ36 -> 213 | AF36: ='[2]Oct-Dec''25'!AK36+'[2]Apr-Sep''25'!AK36 -> 209 | AG36: =AF36/AE36 -> 0.98122066 | AH36: ='[2]Oct-Dec''25'!AM36+'[2]Apr-Sep''25'!AM36 -> 0 | AI36: ='[2]Oct-Dec''25'!AN36+'[2]Apr-Sep''25'!AN36 -> 0 | AJ36: =AI36/AH36 -> #DIV/0! | AK36: ='[2]Oct-Dec''25'!AP36+'[2]Apr-Sep''25'!AP36 -> 0 | AL36: ='[2]Oct-Dec''25'!AQ36+'[2]Apr-Sep''25'!AQ36 -> 0 | AM36: =AL36/AK36 -> #DIV/0! | AN36: ='[2]Oct-Dec''25'!AS36+'[2]Apr-Sep''25'!AS36 -> 4 | AO36: ='[2]Oct-Dec''25'!AT36+'[2]Apr-Sep''25'!AT36 -> 4 | AP36: =AO36/AN36 -> 1 | AQ36: ='[2]Oct-Dec''25'!AV36+'[2]Apr-Sep''25'!AV36 -> 0 | AR36: ='[2]Oct-Dec''25'!AW36+'[2]Apr-Sep''25'!AW36 -> 0 | AS36: =AR36/AQ36 -> #DIV/0! | AT36: ='[2]Oct-Dec''25'!AY36+'[2]Apr-Sep''25'!AY36 -> 1 | AU36: ='[2]Oct-Dec''25'!AZ36+'[2]Apr-Sep''25'!AZ36 -> 1 | AV36: =AU36/AT36 -> 1 | AW36: =AN36+AQ36+AT36 -> 5 | AX36: =AO36+AR36+AU36 -> 5 | AY36: =AX36/AW36 -> 1 | AZ36: ='[2]Oct-Dec''25'!BB36+'[2]Apr-Sep''25'!BB36 -> 25 | BA36: ='[2]Oct-Dec''25'!BC36+'[2]Apr-Sep''25'!BC36 -> 73 | BB36: =IFERROR(BA36/AZ36,0) -> 2.92 | BC36: ='[2]Oct-Dec''25'!BE36+'[2]Apr-Sep''25'!BE36 -> 1 | BD36: ='[2]Oct-Dec''25'!BF36+'[2]Apr-Sep''25'!BF36 -> 1 | BE36: =IFERROR(BD36/BC36,0) -> 1 | BF36: ='[2]Oct-Dec''25'!BH36+'[2]Apr-Sep''25'!BH36 -> 0 | BG36: ='[2]Oct-Dec''25'!BI36+'[2]Apr-Sep''25'!BI36 -> 0 | BH36: =IFERROR(BG36/BF36,0) -> 0 | BI36: ='[2]Oct-Dec''25'!BK36+'[2]Apr-Sep''25'!BK36 -> 7 | BJ36: ='[2]Oct-Dec''25'!BL36+'[2]Apr-Sep''25'!BL36 -> 5 | BK36: =IFERROR(BJ36/BI36,0) -> 0.71428571 | BL36: ='[2]Oct-Dec''25'!BN36+'[2]Apr-Sep''25'!BN36 -> 3 | BM36: ='[2]Oct-Dec''25'!BO36+'[2]Apr-Sep''25'!BO36 -> 3 | BN36: =IFERROR(BM36/BL36,0) -> 1 | BO36: ='[2]Oct-Dec''25'!BQ36+'[2]Apr-Sep''25'!BQ36 -> 0 | BP36: ='[2]Oct-Dec''25'!BR36+'[2]Apr-Sep''25'!BR36 -> 0 | BQ36: =IFERROR(BP36/BO36,0) -> 0 | BR36: ='[2]Oct-Dec''25'!BT36+'[2]Apr-Sep''25'!BT36 -> 0 | BS36: ='[2]Oct-Dec''25'!BU36+'[2]Apr-Sep''25'!BU36 -> 0 | BT36: =IFERROR(BS36/BR36,0) -> 0 | BU36: ='[2]Oct-Dec''25'!BW36+'[2]Apr-Sep''25'!BW36 -> 0 | BV36: ='[2]Oct-Dec''25'!BX36+'[2]Apr-Sep''25'!BX36 -> 0 | BW36: =IFERROR(BV36/BU36,0) -> 0 | BX36: ='[2]Oct-Dec''25'!BZ36+'[2]Apr-Sep''25'!BZ36 -> 190 | BY36: ='[2]Oct-Dec''25'!CA36+'[2]Apr-Sep''25'!CA36 -> 190 | BZ36: =IFERROR(BY36/BX36,0) -> 1 | CA36: ='[2]Oct-Dec''25'!CC36+'[2]Apr-Sep''25'!CC36 -> 57 | CB36: ='[2]Oct-Dec''25'!CD36+'[2]Apr-Sep''25'!CD36 -> 116 | CC36: =IFERROR(CB36/CA36,0) -> 2.0350877 | CD36: ='[2]Oct-Dec''25'!CF36+'[2]Apr-Sep''25'!CF36 -> 0 | CE36: ='[2]Oct-Dec''25'!CG36+'[2]Apr-Sep''25'!CG36 -> 0 | CF36: =IFERROR(CE36/CD36,0) -> 0
A37: ='[2]Oct-Dec''25'!A37 -> 31 | B37: ='[2]Oct-Dec''25'!B37 -> YRG Care | C37: ='[2]Oct-Dec''25'!C37 -> Rajasthan | D37: ='[2]Oct-Dec''25'!D37 -> BHILWARA NETWORK FOR PEOPLE LIVING WITH HIV/AIDS SANSTHAN - BHILWARA | E37: ='[2]Oct-Dec''25'!E37 -> BHILWARA | F37: Apr-Dec'25 | G37: ='[2]Oct-Dec''25'!H37+'[2]Apr-Sep''25'!H37 -> 356 | H37: ='[2]Oct-Dec''25'!I37+'[2]Apr-Sep''25'!I37 -> 354 | I37: =H37/G37 -> 0.99438202 | J37: ='[2]Oct-Dec''25'!K37+'[2]Apr-Sep''25'!K37 -> 0 | K37: ='[2]Oct-Dec''25'!L37+'[2]Apr-Sep''25'!L37 -> 0 | M37: ='[2]Oct-Dec''25'!N37+'[2]Apr-Sep''25'!N37 -> 314 | N37: ='[2]Oct-Dec''25'!O37+'[2]Apr-Sep''25'!O37 -> 309 | O37: =N37/M37 -> 0.98407643 | P37: ='[2]Oct-Dec''25'!Q37+'[2]Apr-Sep''25'!Q37 -> 274 | Q37: ='[2]Oct-Dec''25'!R37+'[2]Apr-Sep''25'!R37 -> 261 | R37: =Q37/P37 -> 0.95255474 | S37: ='[2]Oct-Dec''25'!T37+'[2]Apr-Sep''25'!T37 -> 1549 | T37: ='[2]Oct-Dec''25'!U37+'[2]Apr-Sep''25'!U37 -> 941 | U37: =T37/S37 -> 0.6074887 | V37: ='[2]Oct-Dec''25'!W37+'[2]Apr-Sep''25'!W37 -> 835 | W37: ='[2]Oct-Dec''25'!Y37+'[2]Apr-Sep''25'!Y37 -> 550 | X37: =W37/V37 -> 0.65868263 | Y37: ='[2]Oct-Dec''25'!AA37+'[2]Apr-Sep''25'!AA37 -> 157 | Z37: ='[2]Oct-Dec''25'!AB37+'[2]Apr-Sep''25'!AB37 -> 157 | AA37: =Z37/Y37 -> 1 | AB37: ='[2]Oct-Dec''25'!AD37+'[2]Apr-Sep''25'!AD37 -> 117 | AC37: ='[2]Oct-Dec''25'!AE37+'[2]Apr-Sep''25'!AE37 -> 85 | AD37: =AC37/AB37 -> 0.72649573 | AE37: ='[2]Oct-Dec''25'!AJ37+'[2]Apr-Sep''25'!AJ37 -> 237 | AF37: ='[2]Oct-Dec''25'!AK37+'[2]Apr-Sep''25'!AK37 -> 170 | AG37: =AF37/AE37 -> 0.71729958 | AH37: ='[2]Oct-Dec''25'!AM37+'[2]Apr-Sep''25'!AM37 -> 1 | AI37: ='[2]Oct-Dec''25'!AN37+'[2]Apr-Sep''25'!AN37 -> 1 | AJ37: =AI37/AH37 -> 1 | AK37: ='[2]Oct-Dec''25'!AP37+'[2]Apr-Sep''25'!AP37 -> 186 | AL37: ='[2]Oct-Dec''25'!AQ37+'[2]Apr-Sep''25'!AQ37 -> 92 | AM37: =AL37/AK37 -> 0.49462366 | AN37: ='[2]Oct-Dec''25'!AS37+'[2]Apr-Sep''25'!AS37 -> 91 | AO37: ='[2]Oct-Dec''25'!AT37+'[2]Apr-Sep''25'!AT37 -> 91 | AP37: =AO37/AN37 -> 1 | AQ37: ='[2]Oct-Dec''25'!AV37+'[2]Apr-Sep''25'!AV37 -> 0 | AR37: ='[2]Oct-Dec''25'!AW37+'[2]Apr-Sep''25'!AW37 -> 0 | AS37: =AR37/AQ37 -> #DIV/0! | AT37: ='[2]Oct-Dec''25'!AY37+'[2]Apr-Sep''25'!AY37 -> 87 | AU37: ='[2]Oct-Dec''25'!AZ37+'[2]Apr-Sep''25'!AZ37 -> 87 | AV37: =AU37/AT37 -> 1 | AW37: =AN37+AQ37+AT37 -> 178 | AX37: =AO37+AR37+AU37 -> 178 | AY37: =AX37/AW37 -> 1 | AZ37: ='[2]Oct-Dec''25'!BB37+'[2]Apr-Sep''25'!BB37 -> 0 | BA37: ='[2]Oct-Dec''25'!BC37+'[2]Apr-Sep''25'!BC37 -> 83 | BB37: =IFERROR(BA37/AZ37,0) -> 0 | BC37: ='[2]Oct-Dec''25'!BE37+'[2]Apr-Sep''25'!BE37 -> 0 | BD37: ='[2]Oct-Dec''25'!BF37+'[2]Apr-Sep''25'!BF37 -> 0 | BE37: =IFERROR(BD37/BC37,0) -> 0 | BF37: ='[2]Oct-Dec''25'!BH37+'[2]Apr-Sep''25'!BH37 -> 3 | BG37: ='[2]Oct-Dec''25'!BI37+'[2]Apr-Sep''25'!BI37 -> 2 | BH37: =IFERROR(BG37/BF37,0) -> 0.66666667 | BI37: ='[2]Oct-Dec''25'!BK37+'[2]Apr-Sep''25'!BK37 -> 16 | BJ37: ='[2]Oct-Dec''25'!BL37+'[2]Apr-Sep''25'!BL37 -> 15 | BK37: =IFERROR(BJ37/BI37,0) -> 0.9375 | BL37: ='[2]Oct-Dec''25'!BN37+'[2]Apr-Sep''25'!BN37 -> 20 | BM37: ='[2]Oct-Dec''25'!BO37+'[2]Apr-Sep''25'!BO37 -> 17 | BN37: =IFERROR(BM37/BL37,0) -> 0.85 | BO37: ='[2]Oct-Dec''25'!BQ37+'[2]Apr-Sep''25'!BQ37 -> 23 | BP37: ='[2]Oct-Dec''25'!BR37+'[2]Apr-Sep''25'!BR37 -> 23 | BQ37: =IFERROR(BP37/BO37,0) -> 1 | BR37: ='[2]Oct-Dec''25'!BT37+'[2]Apr-Sep''25'!BT37 -> 15 | BS37: ='[2]Oct-Dec''25'!BU37+'[2]Apr-Sep''25'!BU37 -> 13 | BT37: =IFERROR(BS37/BR37,0) -> 0.86666667 | BU37: ='[2]Oct-Dec''25'!BW37+'[2]Apr-Sep''25'!BW37 -> 0 | BV37: ='[2]Oct-Dec''25'!BX37+'[2]Apr-Sep''25'!BX37 -> 0 | BW37: =IFERROR(BV37/BU37,0) -> 0 | BX37: ='[2]Oct-Dec''25'!BZ37+'[2]Apr-Sep''25'!BZ37 -> 354 | BY37: ='[2]Oct-Dec''25'!CA37+'[2]Apr-Sep''25'!CA37 -> 354 | BZ37: =IFERROR(BY37/BX37,0) -> 1 | CA37: ='[2]Oct-Dec''25'!CC37+'[2]Apr-Sep''25'!CC37 -> 61 | CB37: ='[2]Oct-Dec''25'!CD37+'[2]Apr-Sep''25'!CD37 -> 57 | CC37: =IFERROR(CB37/CA37,0) -> 0.93442623 | CD37: ='[2]Oct-Dec''25'!CF37+'[2]Apr-Sep''25'!CF37 -> 0 | CE37: ='[2]Oct-Dec''25'!CG37+'[2]Apr-Sep''25'!CG37 -> 0 | CF37: =IFERROR(CE37/CD37,0) -> 0
A38: ='[2]Oct-Dec''25'!A38 -> 32 | B38: ='[2]Oct-Dec''25'!B38 -> YRG Care | C38: ='[2]Oct-Dec''25'!C38 -> Rajasthan | D38: ='[2]Oct-Dec''25'!D38 -> BIKANER NETWORK FOR PEOPLES LIVING WITH HIV SANSTHAN | E38: ='[2]Oct-Dec''25'!E38 -> BIKANER | F38: Apr-Dec'25 | G38: ='[2]Oct-Dec''25'!H38+'[2]Apr-Sep''25'!H38 -> 180 | H38: ='[2]Oct-Dec''25'!I38+'[2]Apr-Sep''25'!I38 -> 126 | I38: =H38/G38 -> 0.7 | J38: ='[2]Oct-Dec''25'!K38+'[2]Apr-Sep''25'!K38 -> 9 | K38: ='[2]Oct-Dec''25'!L38+'[2]Apr-Sep''25'!L38 -> 5 | L38: =K38/J38 -> 0.55555556 | M38: ='[2]Oct-Dec''25'!N38+'[2]Apr-Sep''25'!N38 -> 154 | N38: ='[2]Oct-Dec''25'!O38+'[2]Apr-Sep''25'!O38 -> 154 | O38: =N38/M38 -> 1 | P38: ='[2]Oct-Dec''25'!Q38+'[2]Apr-Sep''25'!Q38 -> 150 | Q38: ='[2]Oct-Dec''25'!R38+'[2]Apr-Sep''25'!R38 -> 133 | R38: =Q38/P38 -> 0.88666667 | S38: ='[2]Oct-Dec''25'!T38+'[2]Apr-Sep''25'!T38 -> 729 | T38: ='[2]Oct-Dec''25'!U38+'[2]Apr-Sep''25'!U38 -> 582 | U38: =T38/S38 -> 0.79835391 | V38: ='[2]Oct-Dec''25'!W38+'[2]Apr-Sep''25'!W38 -> 293 | W38: ='[2]Oct-Dec''25'!Y38+'[2]Apr-Sep''25'!Y38 -> 199 | X38: =W38/V38 -> 0.67918089 | Y38: ='[2]Oct-Dec''25'!AA38+'[2]Apr-Sep''25'!AA38 -> 71 | Z38: ='[2]Oct-Dec''25'!AB38+'[2]Apr-Sep''25'!AB38 -> 71 | AA38: =Z38/Y38 -> 1 | AB38: ='[2]Oct-Dec''25'!AD38+'[2]Apr-Sep''25'!AD38 -> 76 | AC38: ='[2]Oct-Dec''25'!AE38+'[2]Apr-Sep''25'!AE38 -> 55 | AD38: =AC38/AB38 -> 0.72368421 | AE38: ='[2]Oct-Dec''25'!AJ38+'[2]Apr-Sep''25'!AJ38 -> 47 | AF38: ='[2]Oct-Dec''25'!AK38+'[2]Apr-Sep''25'!AK38 -> 46 | AG38: =AF38/AE38 -> 0.9787234 | AH38: ='[2]Oct-Dec''25'!AM38+'[2]Apr-Sep''25'!AM38 -> 0 | AI38: ='[2]Oct-Dec''25'!AN38+'[2]Apr-Sep''25'!AN38 -> 0 | AJ38: =AI38/AH38 -> #DIV/0! | AK38: ='[2]Oct-Dec''25'!AP38+'[2]Apr-Sep''25'!AP38 -> 0 | AL38: ='[2]Oct-Dec''25'!AQ38+'[2]Apr-Sep''25'!AQ38 -> 0 | AM38: =AL38/AK38 -> #DIV/0! | AN38: ='[2]Oct-Dec''25'!AS38+'[2]Apr-Sep''25'!AS38 -> 7 | AO38: ='[2]Oct-Dec''25'!AT38+'[2]Apr-Sep''25'!AT38 -> 6 | AP38: =AO38/AN38 -> 0.85714286 | AQ38: ='[2]Oct-Dec''25'!AV38+'[2]Apr-Sep''25'!AV38 -> 0 | AR38: ='[2]Oct-Dec''25'!AW38+'[2]Apr-Sep''25'!AW38 -> 0 | AS38: =AR38/AQ38 -> #DIV/0! | AT38: ='[2]Oct-Dec''25'!AY38+'[2]Apr-Sep''25'!AY38 -> 2 | AU38: ='[2]Oct-Dec''25'!AZ38+'[2]Apr-Sep''25'!AZ38 -> 2 | AV38: =AU38/AT38 -> 1 | AW38: =AN38+AQ38+AT38 -> 9 | AX38: =AO38+AR38+AU38 -> 8 | AY38: =AX38/AW38 -> 0.88888889 | AZ38: ='[2]Oct-Dec''25'!BB38+'[2]Apr-Sep''25'!BB38 -> 2 | BA38: ='[2]Oct-Dec''25'!BC38+'[2]Apr-Sep''25'!BC38 -> 2 | BB38: =IFERROR(BA38/AZ38,0) -> 1 | BC38: ='[2]Oct-Dec''25'!BE38+'[2]Apr-Sep''25'!BE38 -> 0 | BD38: ='[2]Oct-Dec''25'!BF38+'[2]Apr-Sep''25'!BF38 -> 0 | BE38: =IFERROR(BD38/BC38,0) -> 0 | BF38: ='[2]Oct-Dec''25'!BH38+'[2]Apr-Sep''25'!BH38 -> 2 | BG38: ='[2]Oct-Dec''25'!BI38+'[2]Apr-Sep''25'!BI38 -> 2 | BH38: =IFERROR(BG38/BF38,0) -> 1 | BI38: ='[2]Oct-Dec''25'!BK38+'[2]Apr-Sep''25'!BK38 -> 0 | BJ38: ='[2]Oct-Dec''25'!BL38+'[2]Apr-Sep''25'!BL38 -> 0 | BK38: =IFERROR(BJ38/BI38,0) -> 0 | BL38: ='[2]Oct-Dec''25'!BN38+'[2]Apr-Sep''25'!BN38 -> 0 | BM38: ='[2]Oct-Dec''25'!BO38+'[2]Apr-Sep''25'!BO38 -> 0 | BN38: =IFERROR(BM38/BL38,0) -> 0 | BO38: ='[2]Oct-Dec''25'!BQ38+'[2]Apr-Sep''25'!BQ38 -> 0 | BP38: ='[2]Oct-Dec''25'!BR38+'[2]Apr-Sep''25'!BR38 -> 0 | BQ38: =IFERROR(BP38/BO38,0) -> 0 | BR38: ='[2]Oct-Dec''25'!BT38+'[2]Apr-Sep''25'!BT38 -> 0 | BS38: ='[2]Oct-Dec''25'!BU38+'[2]Apr-Sep''25'!BU38 -> 0 | BT38: =IFERROR(BS38/BR38,0) -> 0 | BU38: ='[2]Oct-Dec''25'!BW38+'[2]Apr-Sep''25'!BW38 -> 0 | BV38: ='[2]Oct-Dec''25'!BX38+'[2]Apr-Sep''25'!BX38 -> 0 | BW38: =IFERROR(BV38/BU38,0) -> 0 | BX38: ='[2]Oct-Dec''25'!BZ38+'[2]Apr-Sep''25'!BZ38 -> 126 | BY38: ='[2]Oct-Dec''25'!CA38+'[2]Apr-Sep''25'!CA38 -> 126 | BZ38: =IFERROR(BY38/BX38,0) -> 1 | CA38: ='[2]Oct-Dec''25'!CC38+'[2]Apr-Sep''25'!CC38 -> 31 | CB38: ='[2]Oct-Dec''25'!CD38+'[2]Apr-Sep''25'!CD38 -> 31 | CC38: =IFERROR(CB38/CA38,0) -> 1 | CD38: ='[2]Oct-Dec''25'!CF38+'[2]Apr-Sep''25'!CF38 -> 0 | CE38: ='[2]Oct-Dec''25'!CG38+'[2]Apr-Sep''25'!CG38 -> 0 | CF38: =IFERROR(CE38/CD38,0) -> 0
A39: ='[2]Oct-Dec''25'!A39 -> 33 | B39: ='[2]Oct-Dec''25'!B39 -> YRG Care | C39: ='[2]Oct-Dec''25'!C39 -> Rajasthan | D39: ='[2]Oct-Dec''25'!D39 -> POSITIVE WOMEN NETWORK OF RAJASTHAN SOCIETY | E39: ='[2]Oct-Dec''25'!E39 -> JAIPUR | F39: Apr-Dec'25 | G39: ='[2]Oct-Dec''25'!H39+'[2]Apr-Sep''25'!H39 -> 1029 | H39: ='[2]Oct-Dec''25'!I39+'[2]Apr-Sep''25'!I39 -> 812 | I39: =H39/G39 -> 0.78911565 | J39: ='[2]Oct-Dec''25'!K39+'[2]Apr-Sep''25'!K39 -> 23 | K39: ='[2]Oct-Dec''25'!L39+'[2]Apr-Sep''25'!L39 -> 9 | L39: =K39/J39 -> 0.39130435 | M39: ='[2]Oct-Dec''25'!N39+'[2]Apr-Sep''25'!N39 -> 934 | N39: ='[2]Oct-Dec''25'!O39+'[2]Apr-Sep''25'!O39 -> 918 | O39: =N39/M39 -> 0.98286938 | P39: ='[2]Oct-Dec''25'!Q39+'[2]Apr-Sep''25'!Q39 -> 781 | Q39: ='[2]Oct-Dec''25'!R39+'[2]Apr-Sep''25'!R39 -> 611 | R39: =Q39/P39 -> 0.78233035 | S39: ='[2]Oct-Dec''25'!T39+'[2]Apr-Sep''25'!T39 -> 3857 | T39: ='[2]Oct-Dec''25'!U39+'[2]Apr-Sep''25'!U39 -> 2728 | U39: =T39/S39 -> 0.70728546 | V39: ='[2]Oct-Dec''25'!W39+'[2]Apr-Sep''25'!W39 -> 1564 | W39: ='[2]Oct-Dec''25'!Y39+'[2]Apr-Sep''25'!Y39 -> 1021 | X39: =W39/V39 -> 0.6528133 | Y39: ='[2]Oct-Dec''25'!AA39+'[2]Apr-Sep''25'!AA39 -> 102 | Z39: ='[2]Oct-Dec''25'!AB39+'[2]Apr-Sep''25'!AB39 -> 102 | AA39: =Z39/Y39 -> 1 | AB39: ='[2]Oct-Dec''25'!AD39+'[2]Apr-Sep''25'!AD39 -> 142 | AC39: ='[2]Oct-Dec''25'!AE39+'[2]Apr-Sep''25'!AE39 -> 59 | AD39: =AC39/AB39 -> 0.41549296 | AE39: ='[2]Oct-Dec''25'!AJ39+'[2]Apr-Sep''25'!AJ39 -> 631 | AF39: ='[2]Oct-Dec''25'!AK39+'[2]Apr-Sep''25'!AK39 -> 381 | AG39: =AF39/AE39 -> 0.60380349 | AH39: ='[2]Oct-Dec''25'!AM39+'[2]Apr-Sep''25'!AM39 -> 27 | AI39: ='[2]Oct-Dec''25'!AN39+'[2]Apr-Sep''25'!AN39 -> 27 | AJ39: =AI39/AH39 -> 1 | AK39: ='[2]Oct-Dec''25'!AP39+'[2]Apr-Sep''25'!AP39 -> 74 | AL39: ='[2]Oct-Dec''25'!AQ39+'[2]Apr-Sep''25'!AQ39 -> 16 | AM39: =AL39/AK39 -> 0.21621622 | AN39: ='[2]Oct-Dec''25'!AS39+'[2]Apr-Sep''25'!AS39 -> 108 | AO39: ='[2]Oct-Dec''25'!AT39+'[2]Apr-Sep''25'!AT39 -> 52 | AP39: =AO39/AN39 -> 0.48148148 | AQ39: ='[2]Oct-Dec''25'!AV39+'[2]Apr-Sep''25'!AV39 -> 0 | AR39: ='[2]Oct-Dec''25'!AW39+'[2]Apr-Sep''25'!AW39 -> 0 | AS39: =AR39/AQ39 -> #DIV/0! | AT39: ='[2]Oct-Dec''25'!AY39+'[2]Apr-Sep''25'!AY39 -> 94 | AU39: ='[2]Oct-Dec''25'!AZ39+'[2]Apr-Sep''25'!AZ39 -> 61 | AV39: =AU39/AT39 -> 0.64893617 | AW39: =AN39+AQ39+AT39 -> 202 | AX39: =AO39+AR39+AU39 -> 113 | AY39: =AX39/AW39 -> 0.55940594 | AZ39: ='[2]Oct-Dec''25'!BB39+'[2]Apr-Sep''25'!BB39 -> 60 | BA39: ='[2]Oct-Dec''25'!BC39+'[2]Apr-Sep''25'!BC39 -> 38 | BB39: =IFERROR(BA39/AZ39,0) -> 0.63333333 | BC39: ='[2]Oct-Dec''25'!BE39+'[2]Apr-Sep''25'!BE39 -> 19 | BD39: ='[2]Oct-Dec''25'!BF39+'[2]Apr-Sep''25'!BF39 -> 11 | BE39: =IFERROR(BD39/BC39,0) -> 0.57894737 | BF39: ='[2]Oct-Dec''25'!BH39+'[2]Apr-Sep''25'!BH39 -> 25 | BG39: ='[2]Oct-Dec''25'!BI39+'[2]Apr-Sep''25'!BI39 -> 25 | BH39: =IFERROR(BG39/BF39,0) -> 1 | BI39: ='[2]Oct-Dec''25'!BK39+'[2]Apr-Sep''25'!BK39 -> 38 | BJ39: ='[2]Oct-Dec''25'!BL39+'[2]Apr-Sep''25'!BL39 -> 35 | BK39: =IFERROR(BJ39/BI39,0) -> 0.92105263 | BL39: ='[2]Oct-Dec''25'!BN39+'[2]Apr-Sep''25'!BN39 -> 39 | BM39: ='[2]Oct-Dec''25'!BO39+'[2]Apr-Sep''25'!BO39 -> 35 | BN39: =IFERROR(BM39/BL39,0) -> 0.8974359 | BO39: ='[2]Oct-Dec''25'!BQ39+'[2]Apr-Sep''25'!BQ39 -> 27 | BP39: ='[2]Oct-Dec''25'!BR39+'[2]Apr-Sep''25'!BR39 -> 26 | BQ39: =IFERROR(BP39/BO39,0) -> 0.96296296 | BR39: ='[2]Oct-Dec''25'!BT39+'[2]Apr-Sep''25'!BT39 -> 3 | BS39: ='[2]Oct-Dec''25'!BU39+'[2]Apr-Sep''25'!BU39 -> 3 | BT39: =IFERROR(BS39/BR39,0) -> 1 | BU39: ='[2]Oct-Dec''25'!BW39+'[2]Apr-Sep''25'!BW39 -> 0 | BV39: ='[2]Oct-Dec''25'!BX39+'[2]Apr-Sep''25'!BX39 -> 0 | BW39: =IFERROR(BV39/BU39,0) -> 0 | BX39: ='[2]Oct-Dec''25'!BZ39+'[2]Apr-Sep''25'!BZ39 -> 812 | BY39: ='[2]Oct-Dec''25'!CA39+'[2]Apr-Sep''25'!CA39 -> 812 | BZ39: =IFERROR(BY39/BX39,0) -> 1 | CA39: ='[2]Oct-Dec''25'!CC39+'[2]Apr-Sep''25'!CC39 -> 0 | CB39: ='[2]Oct-Dec''25'!CD39+'[2]Apr-Sep''25'!CD39 -> 0 | CC39: =IFERROR(CB39/CA39,0) -> 0 | CD39: ='[2]Oct-Dec''25'!CF39+'[2]Apr-Sep''25'!CF39 -> 0 | CE39: ='[2]Oct-Dec''25'!CG39+'[2]Apr-Sep''25'!CG39 -> 0 | CF39: =IFERROR(CE39/CD39,0) -> 0
A40: ='[2]Oct-Dec''25'!A40 -> 34 | B40: ='[2]Oct-Dec''25'!B40 -> YRG Care | C40: ='[2]Oct-Dec''25'!C40 -> Rajasthan | D40: ='[2]Oct-Dec''25'!D40 -> JODHPUR NETWORK FOR PEOPLE LIVING WITH HIV/AIDS SANSTHAN | E40: ='[2]Oct-Dec''25'!E40 -> JODHPUR | F40: Apr-Dec'25 | G40: ='[2]Oct-Dec''25'!H40+'[2]Apr-Sep''25'!H40 -> 416 | H40: ='[2]Oct-Dec''25'!I40+'[2]Apr-Sep''25'!I40 -> 231 | I40: =H40/G40 -> 0.55528846 | J40: ='[2]Oct-Dec''25'!K40+'[2]Apr-Sep''25'!K40 -> 0 | K40: ='[2]Oct-Dec''25'!L40+'[2]Apr-Sep''25'!L40 -> 0 | M40: ='[2]Oct-Dec''25'!N40+'[2]Apr-Sep''25'!N40 -> 363 | N40: ='[2]Oct-Dec''25'!O40+'[2]Apr-Sep''25'!O40 -> 363 | O40: =N40/M40 -> 1 | P40: ='[2]Oct-Dec''25'!Q40+'[2]Apr-Sep''25'!Q40 -> 260 | Q40: ='[2]Oct-Dec''25'!R40+'[2]Apr-Sep''25'!R40 -> 244 | R40: =Q40/P40 -> 0.93846154 | S40: ='[2]Oct-Dec''25'!T40+'[2]Apr-Sep''25'!T40 -> 3678 | T40: ='[2]Oct-Dec''25'!U40+'[2]Apr-Sep''25'!U40 -> 2700 | U40: =T40/S40 -> 0.73409462 | V40: ='[2]Oct-Dec''25'!W40+'[2]Apr-Sep''25'!W40 -> 1425 | W40: ='[2]Oct-Dec''25'!Y40+'[2]Apr-Sep''25'!Y40 -> 959 | X40: =W40/V40 -> 0.67298246 | Y40: ='[2]Oct-Dec''25'!AA40+'[2]Apr-Sep''25'!AA40 -> 0 | Z40: ='[2]Oct-Dec''25'!AB40+'[2]Apr-Sep''25'!AB40 -> 0 | AA40: =Z40/Y40 -> #DIV/0! | AB40: ='[2]Oct-Dec''25'!AD40+'[2]Apr-Sep''25'!AD40 -> 0 | AC40: ='[2]Oct-Dec''25'!AE40+'[2]Apr-Sep''25'!AE40 -> 0 | AD40: =AC40/AB40 -> #DIV/0! | AE40: ='[2]Oct-Dec''25'!AJ40+'[2]Apr-Sep''25'!AJ40 -> 942 | AF40: ='[2]Oct-Dec''25'!AK40+'[2]Apr-Sep''25'!AK40 -> 809 | AG40: =AF40/AE40 -> 0.85881104 | AH40: ='[2]Oct-Dec''25'!AM40+'[2]Apr-Sep''25'!AM40 -> 4 | AI40: ='[2]Oct-Dec''25'!AN40+'[2]Apr-Sep''25'!AN40 -> 4 | AJ40: =AI40/AH40 -> 1 | AK40: ='[2]Oct-Dec''25'!AP40+'[2]Apr-Sep''25'!AP40 -> 542 | AL40: ='[2]Oct-Dec''25'!AQ40+'[2]Apr-Sep''25'!AQ40 -> 495 | AM40: =AL40/AK40 -> 0.91328413 | AN40: ='[2]Oct-Dec''25'!AS40+'[2]Apr-Sep''25'!AS40 -> 8 | AO40: ='[2]Oct-Dec''25'!AT40+'[2]Apr-Sep''25'!AT40 -> 0 | AP40: =AO40/AN40 -> 0 | AQ40: ='[2]Oct-Dec''25'!AV40+'[2]Apr-Sep''25'!AV40 -> 0 | AR40: ='[2]Oct-Dec''25'!AW40+'[2]Apr-Sep''25'!AW40 -> 0 | AS40: =AR40/AQ40 -> #DIV/0! | AT40: ='[2]Oct-Dec''25'!AY40+'[2]Apr-Sep''25'!AY40 -> 21 | AU40: ='[2]Oct-Dec''25'!AZ40+'[2]Apr-Sep''25'!AZ40 -> 0 | AV40: =AU40/AT40 -> 0 | AW40: =AN40+AQ40+AT40 -> 29 | AX40: =AO40+AR40+AU40 -> 0 | AY40: =AX40/AW40 -> 0 | AZ40: ='[2]Oct-Dec''25'!BB40+'[2]Apr-Sep''25'!BB40 -> 6 | BA40: ='[2]Oct-Dec''25'!BC40+'[2]Apr-Sep''25'!BC40 -> 5 | BB40: =IFERROR(BA40/AZ40,0) -> 0.83333333 | BC40: ='[2]Oct-Dec''25'!BE40+'[2]Apr-Sep''25'!BE40 -> 0 | BD40: ='[2]Oct-Dec''25'!BF40+'[2]Apr-Sep''25'!BF40 -> 0 | BE40: =IFERROR(BD40/BC40,0) -> 0 | BF40: ='[2]Oct-Dec''25'!BH40+'[2]Apr-Sep''25'!BH40 -> 0 | BG40: ='[2]Oct-Dec''25'!BI40+'[2]Apr-Sep''25'!BI40 -> 0 | BH40: =IFERROR(BG40/BF40,0) -> 0 | BI40: ='[2]Oct-Dec''25'!BK40+'[2]Apr-Sep''25'!BK40 -> 0 | BJ40: ='[2]Oct-Dec''25'!BL40+'[2]Apr-Sep''25'!BL40 -> 0 | BK40: =IFERROR(BJ40/BI40,0) -> 0 | BL40: ='[2]Oct-Dec''25'!BN40+'[2]Apr-Sep''25'!BN40 -> 0 | BM40: ='[2]Oct-Dec''25'!BO40+'[2]Apr-Sep''25'!BO40 -> 0 | BN40: =IFERROR(BM40/BL40,0) -> 0 | BO40: ='[2]Oct-Dec''25'!BQ40+'[2]Apr-Sep''25'!BQ40 -> 0 | BP40: ='[2]Oct-Dec''25'!BR40+'[2]Apr-Sep''25'!BR40 -> 0 | BQ40: =IFERROR(BP40/BO40,0) -> 0 | BR40: ='[2]Oct-Dec''25'!BT40+'[2]Apr-Sep''25'!BT40 -> 0 | BS40: ='[2]Oct-Dec''25'!BU40+'[2]Apr-Sep''25'!BU40 -> 0 | BT40: =IFERROR(BS40/BR40,0) -> 0 | BU40: ='[2]Oct-Dec''25'!BW40+'[2]Apr-Sep''25'!BW40 -> 0 | BV40: ='[2]Oct-Dec''25'!BX40+'[2]Apr-Sep''25'!BX40 -> 0 | BW40: =IFERROR(BV40/BU40,0) -> 0 | BX40: ='[2]Oct-Dec''25'!BZ40+'[2]Apr-Sep''25'!BZ40 -> 231 | BY40: ='[2]Oct-Dec''25'!CA40+'[2]Apr-Sep''25'!CA40 -> 231 | BZ40: =IFERROR(BY40/BX40,0) -> 1 | CA40: ='[2]Oct-Dec''25'!CC40+'[2]Apr-Sep''25'!CC40 -> 0 | CB40: ='[2]Oct-Dec''25'!CD40+'[2]Apr-Sep''25'!CD40 -> 0 | CC40: =IFERROR(CB40/CA40,0) -> 0 | CD40: ='[2]Oct-Dec''25'!CF40+'[2]Apr-Sep''25'!CF40 -> 0 | CE40: ='[2]Oct-Dec''25'!CG40+'[2]Apr-Sep''25'!CG40 -> 0 | CF40: =IFERROR(CE40/CD40,0) -> 0
A41: ='[2]Oct-Dec''25'!A41 -> 35 | B41: ='[2]Oct-Dec''25'!B41 -> YRG Care | C41: ='[2]Oct-Dec''25'!C41 -> Rajasthan | D41: ='[2]Oct-Dec''25'!D41 -> HADOTI NETWORK FOR PEOPLE LIVING WITH HIV/AIDS SAMITI | E41: ='[2]Oct-Dec''25'!E41 -> KOTA | F41: Apr-Dec'25 | G41: ='[2]Oct-Dec''25'!H41+'[2]Apr-Sep''25'!H41 -> 289 | H41: ='[2]Oct-Dec''25'!I41+'[2]Apr-Sep''25'!I41 -> 245 | I41: =H41/G41 -> 0.84775087 | J41: ='[2]Oct-Dec''25'!K41+'[2]Apr-Sep''25'!K41 -> 9 | K41: ='[2]Oct-Dec''25'!L41+'[2]Apr-Sep''25'!L41 -> 8 | L41: =K41/J41 -> 0.88888889 | M41: ='[2]Oct-Dec''25'!N41+'[2]Apr-Sep''25'!N41 -> 326 | N41: ='[2]Oct-Dec''25'!O41+'[2]Apr-Sep''25'!O41 -> 319 | O41: =N41/M41 -> 0.97852761 | P41: ='[2]Oct-Dec''25'!Q41+'[2]Apr-Sep''25'!Q41 -> 329 | Q41: ='[2]Oct-Dec''25'!R41+'[2]Apr-Sep''25'!R41 -> 259 | R41: =Q41/P41 -> 0.78723404 | S41: ='[2]Oct-Dec''25'!T41+'[2]Apr-Sep''25'!T41 -> 1887 | T41: ='[2]Oct-Dec''25'!U41+'[2]Apr-Sep''25'!U41 -> 1226 | U41: =T41/S41 -> 0.64970853 | V41: ='[2]Oct-Dec''25'!W41+'[2]Apr-Sep''25'!W41 -> 1097 | W41: ='[2]Oct-Dec''25'!Y41+'[2]Apr-Sep''25'!Y41 -> 555 | X41: =W41/V41 -> 0.50592525 | Y41: ='[2]Oct-Dec''25'!AA41+'[2]Apr-Sep''25'!AA41 -> 231 | Z41: ='[2]Oct-Dec''25'!AB41+'[2]Apr-Sep''25'!AB41 -> 231 | AA41: =Z41/Y41 -> 1 | AB41: ='[2]Oct-Dec''25'!AD41+'[2]Apr-Sep''25'!AD41 -> 170 | AC41: ='[2]Oct-Dec''25'!AE41+'[2]Apr-Sep''25'!AE41 -> 1 | AD41: =AC41/AB41 -> 0.0058823529 | AE41: ='[2]Oct-Dec''25'!AJ41+'[2]Apr-Sep''25'!AJ41 -> 2043 | AF41: ='[2]Oct-Dec''25'!AK41+'[2]Apr-Sep''25'!AK41 -> 1068 | AG41: =AF41/AE41 -> 0.52276065 | AH41: ='[2]Oct-Dec''25'!AM41+'[2]Apr-Sep''25'!AM41 -> 13 | AI41: ='[2]Oct-Dec''25'!AN41+'[2]Apr-Sep''25'!AN41 -> 13 | AJ41: =AI41/AH41 -> 1 | AK41: ='[2]Oct-Dec''25'!AP41+'[2]Apr-Sep''25'!AP41 -> 187 | AL41: ='[2]Oct-Dec''25'!AQ41+'[2]Apr-Sep''25'!AQ41 -> 21 | AM41: =AL41/AK41 -> 0.11229947 | AN41: ='[2]Oct-Dec''25'!AS41+'[2]Apr-Sep''25'!AS41 -> 82 | AO41: ='[2]Oct-Dec''25'!AT41+'[2]Apr-Sep''25'!AT41 -> 82 | AP41: =AO41/AN41 -> 1 | AQ41: ='[2]Oct-Dec''25'!AV41+'[2]Apr-Sep''25'!AV41 -> 0 | AR41: ='[2]Oct-Dec''25'!AW41+'[2]Apr-Sep''25'!AW41 -> 0 | AS41: =AR41/AQ41 -> #DIV/0! | AT41: ='[2]Oct-Dec''25'!AY41+'[2]Apr-Sep''25'!AY41 -> 55 | AU41: ='[2]Oct-Dec''25'!AZ41+'[2]Apr-Sep''25'!AZ41 -> 55 | AV41: =AU41/AT41 -> 1 | AW41: =AN41+AQ41+AT41 -> 137 | AX41: =AO41+AR41+AU41 -> 137 | AY41: =AX41/AW41 -> 1 | AZ41: ='[2]Oct-Dec''25'!BB41+'[2]Apr-Sep''25'!BB41 -> 287 | BA41: ='[2]Oct-Dec''25'!BC41+'[2]Apr-Sep''25'!BC41 -> 91 | BB41: =IFERROR(BA41/AZ41,0) -> 0.31707317 | BC41: ='[2]Oct-Dec''25'!BE41+'[2]Apr-Sep''25'!BE41 -> 1 | BD41: ='[2]Oct-Dec''25'!BF41+'[2]Apr-Sep''25'!BF41 -> 1 | BE41: =IFERROR(BD41/BC41,0) -> 1 | BF41: ='[2]Oct-Dec''25'!BH41+'[2]Apr-Sep''25'!BH41 -> 6 | BG41: ='[2]Oct-Dec''25'!BI41+'[2]Apr-Sep''25'!BI41 -> 5 | BH41: =IFERROR(BG41/BF41,0) -> 0.83333333 | BI41: ='[2]Oct-Dec''25'!BK41+'[2]Apr-Sep''25'!BK41 -> 1 | BJ41: ='[2]Oct-Dec''25'!BL41+'[2]Apr-Sep''25'!BL41 -> 2 | BK41: =IFERROR(BJ41/BI41,0) -> 2 | BL41: ='[2]Oct-Dec''25'!BN41+'[2]Apr-Sep''25'!BN41 -> 0 | BM41: ='[2]Oct-Dec''25'!BO41+'[2]Apr-Sep''25'!BO41 -> 0 | BN41: =IFERROR(BM41/BL41,0) -> 0 | BO41: ='[2]Oct-Dec''25'!BQ41+'[2]Apr-Sep''25'!BQ41 -> 0 | BP41: ='[2]Oct-Dec''25'!BR41+'[2]Apr-Sep''25'!BR41 -> 0 | BQ41: =IFERROR(BP41/BO41,0) -> 0 | BR41: ='[2]Oct-Dec''25'!BT41+'[2]Apr-Sep''25'!BT41 -> 0 | BS41: ='[2]Oct-Dec''25'!BU41+'[2]Apr-Sep''25'!BU41 -> 0 | BT41: =IFERROR(BS41/BR41,0) -> 0 | BU41: ='[2]Oct-Dec''25'!BW41+'[2]Apr-Sep''25'!BW41 -> 0 | BV41: ='[2]Oct-Dec''25'!BX41+'[2]Apr-Sep''25'!BX41 -> 0 | BW41: =IFERROR(BV41/BU41,0) -> 0 | BX41: ='[2]Oct-Dec''25'!BZ41+'[2]Apr-Sep''25'!BZ41 -> 245 | BY41: ='[2]Oct-Dec''25'!CA41+'[2]Apr-Sep''25'!CA41 -> 245 | BZ41: =IFERROR(BY41/BX41,0) -> 1 | CA41: ='[2]Oct-Dec''25'!CC41+'[2]Apr-Sep''25'!CC41 -> 16 | CB41: ='[2]Oct-Dec''25'!CD41+'[2]Apr-Sep''25'!CD41 -> 57 | CC41: =IFERROR(CB41/CA41,0) -> 3.5625 | CD41: ='[2]Oct-Dec''25'!CF41+'[2]Apr-Sep''25'!CF41 -> 4 | CE41: ='[2]Oct-Dec''25'!CG41+'[2]Apr-Sep''25'!CG41 -> 4 | CF41: =IFERROR(CE41/CD41,0) -> 1
A42: ='[2]Oct-Dec''25'!A42 -> 36 | B42: ='[2]Oct-Dec''25'!B42 -> YRG Care | C42: ='[2]Oct-Dec''25'!C42 -> Rajasthan | D42: ='[2]Oct-Dec''25'!D42 -> RAJSMAND NETWORK FOR PEOPLE LIVING WITH HIV SANSTHAN, UDAIPUR | E42: ='[2]Oct-Dec''25'!E42 -> UDAIPUR | F42: Apr-Dec'25 | G42: ='[2]Oct-Dec''25'!H42+'[2]Apr-Sep''25'!H42 -> 420 | H42: ='[2]Oct-Dec''25'!I42+'[2]Apr-Sep''25'!I42 -> 290 | I42: =H42/G42 -> 0.69047619 | J42: ='[2]Oct-Dec''25'!K42+'[2]Apr-Sep''25'!K42 -> 0 | K42: ='[2]Oct-Dec''25'!L42+'[2]Apr-Sep''25'!L42 -> 0 | M42: ='[2]Oct-Dec''25'!N42+'[2]Apr-Sep''25'!N42 -> 409 | N42: ='[2]Oct-Dec''25'!O42+'[2]Apr-Sep''25'!O42 -> 306 | O42: =N42/M42 -> 0.74816626 | P42: ='[2]Oct-Dec''25'!Q42+'[2]Apr-Sep''25'!Q42 -> 345 | Q42: ='[2]Oct-Dec''25'!R42+'[2]Apr-Sep''25'!R42 -> 307 | R42: =Q42/P42 -> 0.88985507 | S42: ='[2]Oct-Dec''25'!T42+'[2]Apr-Sep''25'!T42 -> 1285 | T42: ='[2]Oct-Dec''25'!U42+'[2]Apr-Sep''25'!U42 -> 843 | U42: =T42/S42 -> 0.65603113 | V42: ='[2]Oct-Dec''25'!W42+'[2]Apr-Sep''25'!W42 -> 1213 | W42: ='[2]Oct-Dec''25'!Y42+'[2]Apr-Sep''25'!Y42 -> 740 | X42: =W42/V42 -> 0.61005771 | Y42: ='[2]Oct-Dec''25'!AA42+'[2]Apr-Sep''25'!AA42 -> 240 | Z42: ='[2]Oct-Dec''25'!AB42+'[2]Apr-Sep''25'!AB42 -> 48 | AA42: =Z42/Y42 -> 0.2 | AB42: ='[2]Oct-Dec''25'!AD42+'[2]Apr-Sep''25'!AD42 -> 9 | AC42: ='[2]Oct-Dec''25'!AE42+'[2]Apr-Sep''25'!AE42 -> 0 | AD42: =AC42/AB42 -> 0 | AE42: ='[2]Oct-Dec''25'!AJ42+'[2]Apr-Sep''25'!AJ42 -> 1696 | AF42: ='[2]Oct-Dec''25'!AK42+'[2]Apr-Sep''25'!AK42 -> 902 | AG42: =AF42/AE42 -> 0.53183962 | AH42: ='[2]Oct-Dec''25'!AM42+'[2]Apr-Sep''25'!AM42 -> 4 | AI42: ='[2]Oct-Dec''25'!AN42+'[2]Apr-Sep''25'!AN42 -> 2 | AJ42: =AI42/AH42 -> 0.5 | AK42: ='[2]Oct-Dec''25'!AP42+'[2]Apr-Sep''25'!AP42 -> 681 | AL42: ='[2]Oct-Dec''25'!AQ42+'[2]Apr-Sep''25'!AQ42 -> 233 | AM42: =AL42/AK42 -> 0.34214391 | AN42: ='[2]Oct-Dec''25'!AS42+'[2]Apr-Sep''25'!AS42 -> 20 | AO42: ='[2]Oct-Dec''25'!AT42+'[2]Apr-Sep''25'!AT42 -> 2 | AP42: =AO42/AN42 -> 0.1 | AQ42: ='[2]Oct-Dec''25'!AV42+'[2]Apr-Sep''25'!AV42 -> 0 | AR42: ='[2]Oct-Dec''25'!AW42+'[2]Apr-Sep''25'!AW42 -> 0 | AS42: =AR42/AQ42 -> #DIV/0! | AT42: ='[2]Oct-Dec''25'!AY42+'[2]Apr-Sep''25'!AY42 -> 18 | AU42: ='[2]Oct-Dec''25'!AZ42+'[2]Apr-Sep''25'!AZ42 -> 0 | AV42: =AU42/AT42 -> 0 | AW42: =AN42+AQ42+AT42 -> 38 | AX42: =AO42+AR42+AU42 -> 2 | AY42: =AX42/AW42 -> 0.052631579 | AZ42: ='[2]Oct-Dec''25'!BB42+'[2]Apr-Sep''25'!BB42 -> 1 | BA42: ='[2]Oct-Dec''25'!BC42+'[2]Apr-Sep''25'!BC42 -> 15 | BB42: =IFERROR(BA42/AZ42,0) -> 15 | BC42: ='[2]Oct-Dec''25'!BE42+'[2]Apr-Sep''25'!BE42 -> 5 | BD42: ='[2]Oct-Dec''25'!BF42+'[2]Apr-Sep''25'!BF42 -> 5 | BE42: =IFERROR(BD42/BC42,0) -> 1 | BF42: ='[2]Oct-Dec''25'!BH42+'[2]Apr-Sep''25'!BH42 -> 0 | BG42: ='[2]Oct-Dec''25'!BI42+'[2]Apr-Sep''25'!BI42 -> 0 | BH42: =IFERROR(BG42/BF42,0) -> 0 | BI42: ='[2]Oct-Dec''25'!BK42+'[2]Apr-Sep''25'!BK42 -> 0 | BJ42: ='[2]Oct-Dec''25'!BL42+'[2]Apr-Sep''25'!BL42 -> 0 | BK42: =IFERROR(BJ42/BI42,0) -> 0 | BL42: ='[2]Oct-Dec''25'!BN42+'[2]Apr-Sep''25'!BN42 -> 0 | BM42: ='[2]Oct-Dec''25'!BO42+'[2]Apr-Sep''25'!BO42 -> 0 | BN42: =IFERROR(BM42/BL42,0) -> 0 | BO42: ='[2]Oct-Dec''25'!BQ42+'[2]Apr-Sep''25'!BQ42 -> 0 | BP42: ='[2]Oct-Dec''25'!BR42+'[2]Apr-Sep''25'!BR42 -> 0 | BQ42: =IFERROR(BP42/BO42,0) -> 0 | BR42: ='[2]Oct-Dec''25'!BT42+'[2]Apr-Sep''25'!BT42 -> 0 | BS42: ='[2]Oct-Dec''25'!BU42+'[2]Apr-Sep''25'!BU42 -> 0 | BT42: =IFERROR(BS42/BR42,0) -> 0 | BU42: ='[2]Oct-Dec''25'!BW42+'[2]Apr-Sep''25'!BW42 -> 0 | BV42: ='[2]Oct-Dec''25'!BX42+'[2]Apr-Sep''25'!BX42 -> 0 | BW42: =IFERROR(BV42/BU42,0) -> 0 | BX42: ='[2]Oct-Dec''25'!BZ42+'[2]Apr-Sep''25'!BZ42 -> 290 | BY42: ='[2]Oct-Dec''25'!CA42+'[2]Apr-Sep''25'!CA42 -> 291 | BZ42: =IFERROR(BY42/BX42,0) -> 1.0034483 | CA42: ='[2]Oct-Dec''25'!CC42+'[2]Apr-Sep''25'!CC42 -> 51 | CB42: ='[2]Oct-Dec''25'!CD42+'[2]Apr-Sep''25'!CD42 -> 55 | CC42: =IFERROR(CB42/CA42,0) -> 1.0784314 | CD42: ='[2]Oct-Dec''25'!CF42+'[2]Apr-Sep''25'!CF42 -> 0 | CE42: ='[2]Oct-Dec''25'!CG42+'[2]Apr-Sep''25'!CG42 -> 0 | CF42: =IFERROR(CE42/CD42,0) -> 0
A43: ='[2]Oct-Dec''25'!A43 -> 37 | B43: ='[2]Oct-Dec''25'!B43 -> YRG Care | C43: ='[2]Oct-Dec''25'!C43 -> Rajasthan | D43: ='[2]Oct-Dec''25'!D43 -> JEEVAN PRAKASH NETWORK PEOPLE LIVING WITH POSITIVE SANSTHAN | E43: ='[2]Oct-Dec''25'!E43 -> AJMER | F43: Apr-Dec'25 | G43: ='[2]Oct-Dec''25'!H43+'[2]Apr-Sep''25'!H43 -> 269 | H43: ='[2]Oct-Dec''25'!I43+'[2]Apr-Sep''25'!I43 -> 262 | I43: =H43/G43 -> 0.9739777 | J43: ='[2]Oct-Dec''25'!K43+'[2]Apr-Sep''25'!K43 -> 11 | K43: ='[2]Oct-Dec''25'!L43+'[2]Apr-Sep''25'!L43 -> 5 | L43: =K43/J43 -> 0.45454545 | M43: ='[2]Oct-Dec''25'!N43+'[2]Apr-Sep''25'!N43 -> 293 | N43: ='[2]Oct-Dec''25'!O43+'[2]Apr-Sep''25'!O43 -> 293 | O43: =N43/M43 -> 1 | P43: ='[2]Oct-Dec''25'!Q43+'[2]Apr-Sep''25'!Q43 -> 221 | Q43: ='[2]Oct-Dec''25'!R43+'[2]Apr-Sep''25'!R43 -> 180 | R43: =Q43/P43 -> 0.81447964 | S43: ='[2]Oct-Dec''25'!T43+'[2]Apr-Sep''25'!T43 -> 3457 | T43: ='[2]Oct-Dec''25'!U43+'[2]Apr-Sep''25'!U43 -> 2462 | U43: =T43/S43 -> 0.71217819 | V43: ='[2]Oct-Dec''25'!W43+'[2]Apr-Sep''25'!W43 -> 1136 | W43: ='[2]Oct-Dec''25'!Y43+'[2]Apr-Sep''25'!Y43 -> 682 | X43: =W43/V43 -> 0.60035211 | Y43: ='[2]Oct-Dec''25'!AA43+'[2]Apr-Sep''25'!AA43 -> 26 | Z43: ='[2]Oct-Dec''25'!AB43+'[2]Apr-Sep''25'!AB43 -> 26 | AA43: =Z43/Y43 -> 1 | AB43: ='[2]Oct-Dec''25'!AD43+'[2]Apr-Sep''25'!AD43 -> 0 | AC43: ='[2]Oct-Dec''25'!AE43+'[2]Apr-Sep''25'!AE43 -> 0 | AD43: =AC43/AB43 -> #DIV/0! | AE43: ='[2]Oct-Dec''25'!AJ43+'[2]Apr-Sep''25'!AJ43 -> 232 | AF43: ='[2]Oct-Dec''25'!AK43+'[2]Apr-Sep''25'!AK43 -> 232 | AG43: =AF43/AE43 -> 1 | AH43: ='[2]Oct-Dec''25'!AM43+'[2]Apr-Sep''25'!AM43 -> 0 | AI43: ='[2]Oct-Dec''25'!AN43+'[2]Apr-Sep''25'!AN43 -> 0 | AJ43: =AI43/AH43 -> #DIV/0! | AK43: ='[2]Oct-Dec''25'!AP43+'[2]Apr-Sep''25'!AP43 -> 163 | AL43: ='[2]Oct-Dec''25'!AQ43+'[2]Apr-Sep''25'!AQ43 -> 163 | AM43: =AL43/AK43 -> 1 | AN43: ='[2]Oct-Dec''25'!AS43+'[2]Apr-Sep''25'!AS43 -> 53 | AO43: ='[2]Oct-Dec''25'!AT43+'[2]Apr-Sep''25'!AT43 -> 0 | AP43: =AO43/AN43 -> 0 | AQ43: ='[2]Oct-Dec''25'!AV43+'[2]Apr-Sep''25'!AV43 -> 0 | AR43: ='[2]Oct-Dec''25'!AW43+'[2]Apr-Sep''25'!AW43 -> 0 | AS43: =AR43/AQ43 -> #DIV/0! | AT43: ='[2]Oct-Dec''25'!AY43+'[2]Apr-Sep''25'!AY43 -> 88 | AU43: ='[2]Oct-Dec''25'!AZ43+'[2]Apr-Sep''25'!AZ43 -> 0 | AV43: =AU43/AT43 -> 0 | AW43: =AN43+AQ43+AT43 -> 141 | AX43: =AO43+AR43+AU43 -> 0 | AY43: =AX43/AW43 -> 0 | AZ43: ='[2]Oct-Dec''25'!BB43+'[2]Apr-Sep''25'!BB43 -> 28 | BA43: ='[2]Oct-Dec''25'!BC43+'[2]Apr-Sep''25'!BC43 -> 31 | BB43: =IFERROR(BA43/AZ43,0) -> 1.1071429 | BC43: ='[2]Oct-Dec''25'!BE43+'[2]Apr-Sep''25'!BE43 -> 0 | BD43: ='[2]Oct-Dec''25'!BF43+'[2]Apr-Sep''25'!BF43 -> 0 | BE43: =IFERROR(BD43/BC43,0) -> 0 | BF43: ='[2]Oct-Dec''25'!BH43+'[2]Apr-Sep''25'!BH43 -> 2 | BG43: ='[2]Oct-Dec''25'!BI43+'[2]Apr-Sep''25'!BI43 -> 2 | BH43: =IFERROR(BG43/BF43,0) -> 1 | BI43: ='[2]Oct-Dec''25'!BK43+'[2]Apr-Sep''25'!BK43 -> 0 | BJ43: ='[2]Oct-Dec''25'!BL43+'[2]Apr-Sep''25'!BL43 -> 0 | BK43: =IFERROR(BJ43/BI43,0) -> 0 | BL43: ='[2]Oct-Dec''25'!BN43+'[2]Apr-Sep''25'!BN43 -> 2 | BM43: ='[2]Oct-Dec''25'!BO43+'[2]Apr-Sep''25'!BO43 -> 2 | BN43: =IFERROR(BM43/BL43,0) -> 1 | BO43: ='[2]Oct-Dec''25'!BQ43+'[2]Apr-Sep''25'!BQ43 -> 1 | BP43: ='[2]Oct-Dec''25'!BR43+'[2]Apr-Sep''25'!BR43 -> 1 | BQ43: =IFERROR(BP43/BO43,0) -> 1 | BR43: ='[2]Oct-Dec''25'!BT43+'[2]Apr-Sep''25'!BT43 -> 3 | BS43: ='[2]Oct-Dec''25'!BU43+'[2]Apr-Sep''25'!BU43 -> 2 | BT43: =IFERROR(BS43/BR43,0) -> 0.66666667 | BU43: ='[2]Oct-Dec''25'!BW43+'[2]Apr-Sep''25'!BW43 -> 0 | BV43: ='[2]Oct-Dec''25'!BX43+'[2]Apr-Sep''25'!BX43 -> 0 | BW43: =IFERROR(BV43/BU43,0) -> 0 | BX43: ='[2]Oct-Dec''25'!BZ43+'[2]Apr-Sep''25'!BZ43 -> 262 | BY43: ='[2]Oct-Dec''25'!CA43+'[2]Apr-Sep''25'!CA43 -> 262 | BZ43: =IFERROR(BY43/BX43,0) -> 1 | CA43: ='[2]Oct-Dec''25'!CC43+'[2]Apr-Sep''25'!CC43 -> 85 | CB43: ='[2]Oct-Dec''25'!CD43+'[2]Apr-Sep''25'!CD43 -> 85 | CC43: =IFERROR(CB43/CA43,0) -> 1 | CD43: ='[2]Oct-Dec''25'!CF43+'[2]Apr-Sep''25'!CF43 -> 0 | CE43: ='[2]Oct-Dec''25'!CG43+'[2]Apr-Sep''25'!CG43 -> 0 | CF43: =IFERROR(CE43/CD43,0) -> 0
A44: ='[2]Oct-Dec''25'!A44 -> 38 | B44: ='[2]Oct-Dec''25'!B44 -> YRG Care | C44: ='[2]Oct-Dec''25'!C44 -> Rajasthan | D44: ='[2]Oct-Dec''25'!D44 -> SIKAR NETWORK FOR PLHIV SANSTHAN | E44: ='[2]Oct-Dec''25'!E44 -> SIKAR | F44: Apr-Dec'25 | G44: ='[2]Oct-Dec''25'!H44+'[2]Apr-Sep''25'!H44 -> 267 | H44: ='[2]Oct-Dec''25'!I44+'[2]Apr-Sep''25'!I44 -> 240 | I44: =H44/G44 -> 0.8988764 | J44: ='[2]Oct-Dec''25'!K44+'[2]Apr-Sep''25'!K44 -> 3 | K44: ='[2]Oct-Dec''25'!L44+'[2]Apr-Sep''25'!L44 -> 2 | L44: =K44/J44 -> 0.66666667 | M44: ='[2]Oct-Dec''25'!N44+'[2]Apr-Sep''25'!N44 -> 222 | N44: ='[2]Oct-Dec''25'!O44+'[2]Apr-Sep''25'!O44 -> 222 | O44: =N44/M44 -> 1 | P44: ='[2]Oct-Dec''25'!Q44+'[2]Apr-Sep''25'!Q44 -> 180 | Q44: ='[2]Oct-Dec''25'!R44+'[2]Apr-Sep''25'!R44 -> 172 | R44: =Q44/P44 -> 0.95555556 | S44: ='[2]Oct-Dec''25'!T44+'[2]Apr-Sep''25'!T44 -> 1351 | T44: ='[2]Oct-Dec''25'!U44+'[2]Apr-Sep''25'!U44 -> 1219 | U44: =T44/S44 -> 0.9022946 | V44: ='[2]Oct-Dec''25'!W44+'[2]Apr-Sep''25'!W44 -> 170 | W44: ='[2]Oct-Dec''25'!Y44+'[2]Apr-Sep''25'!Y44 -> 134 | X44: =W44/V44 -> 0.78823529 | Y44: ='[2]Oct-Dec''25'!AA44+'[2]Apr-Sep''25'!AA44 -> 287 | Z44: ='[2]Oct-Dec''25'!AB44+'[2]Apr-Sep''25'!AB44 -> 287 | AA44: =Z44/Y44 -> 1 | AB44: ='[2]Oct-Dec''25'!AD44+'[2]Apr-Sep''25'!AD44 -> 177 | AC44: ='[2]Oct-Dec''25'!AE44+'[2]Apr-Sep''25'!AE44 -> 22 | AD44: =AC44/AB44 -> 0.12429379 | AE44: ='[2]Oct-Dec''25'!AJ44+'[2]Apr-Sep''25'!AJ44 -> 898 | AF44: ='[2]Oct-Dec''25'!AK44+'[2]Apr-Sep''25'!AK44 -> 715 | AG44: =AF44/AE44 -> 0.79621381 | AH44: ='[2]Oct-Dec''25'!AM44+'[2]Apr-Sep''25'!AM44 -> 10 | AI44: ='[2]Oct-Dec''25'!AN44+'[2]Apr-Sep''25'!AN44 -> 9 | AJ44: =AI44/AH44 -> 0.9 | AK44: ='[2]Oct-Dec''25'!AP44+'[2]Apr-Sep''25'!AP44 -> 517 | AL44: ='[2]Oct-Dec''25'!AQ44+'[2]Apr-Sep''25'!AQ44 -> 321 | AM44: =AL44/AK44 -> 0.62088975 | AN44: ='[2]Oct-Dec''25'!AS44+'[2]Apr-Sep''25'!AS44 -> 22 | AO44: ='[2]Oct-Dec''25'!AT44+'[2]Apr-Sep''25'!AT44 -> 12 | AP44: =AO44/AN44 -> 0.54545455 | AQ44: ='[2]Oct-Dec''25'!AV44+'[2]Apr-Sep''25'!AV44 -> 0 | AR44: ='[2]Oct-Dec''25'!AW44+'[2]Apr-Sep''25'!AW44 -> 0 | AS44: =AR44/AQ44 -> #DIV/0! | AT44: ='[2]Oct-Dec''25'!AY44+'[2]Apr-Sep''25'!AY44 -> 20 | AU44: ='[2]Oct-Dec''25'!AZ44+'[2]Apr-Sep''25'!AZ44 -> 13 | AV44: =AU44/AT44 -> 0.65 | AW44: =AN44+AQ44+AT44 -> 42 | AX44: =AO44+AR44+AU44 -> 25 | AY44: =AX44/AW44 -> 0.5952381 | AZ44: ='[2]Oct-Dec''25'!BB44+'[2]Apr-Sep''25'!BB44 -> 0 | BA44: ='[2]Oct-Dec''25'!BC44+'[2]Apr-Sep''25'!BC44 -> 134 | BB44: =IFERROR(BA44/AZ44,0) -> 0 | BC44: ='[2]Oct-Dec''25'!BE44+'[2]Apr-Sep''25'!BE44 -> 1 | BD44: ='[2]Oct-Dec''25'!BF44+'[2]Apr-Sep''25'!BF44 -> 0 | BE44: =IFERROR(BD44/BC44,0) -> 0 | BF44: ='[2]Oct-Dec''25'!BH44+'[2]Apr-Sep''25'!BH44 -> 15 | BG44: ='[2]Oct-Dec''25'!BI44+'[2]Apr-Sep''25'!BI44 -> 14 | BH44: =IFERROR(BG44/BF44,0) -> 0.93333333 | BI44: ='[2]Oct-Dec''25'!BK44+'[2]Apr-Sep''25'!BK44 -> 12 | BJ44: ='[2]Oct-Dec''25'!BL44+'[2]Apr-Sep''25'!BL44 -> 12 | BK44: =IFERROR(BJ44/BI44,0) -> 1 | BL44: ='[2]Oct-Dec''25'!BN44+'[2]Apr-Sep''25'!BN44 -> 3 | BM44: ='[2]Oct-Dec''25'!BO44+'[2]Apr-Sep''25'!BO44 -> 3 | BN44: =IFERROR(BM44/BL44,0) -> 1 | BO44: ='[2]Oct-Dec''25'!BQ44+'[2]Apr-Sep''25'!BQ44 -> 1 | BP44: ='[2]Oct-Dec''25'!BR44+'[2]Apr-Sep''25'!BR44 -> 0 | BQ44: =IFERROR(BP44/BO44,0) -> 0 | BR44: ='[2]Oct-Dec''25'!BT44+'[2]Apr-Sep''25'!BT44 -> 3 | BS44: ='[2]Oct-Dec''25'!BU44+'[2]Apr-Sep''25'!BU44 -> 3 | BT44: =IFERROR(BS44/BR44,0) -> 1 | BU44: ='[2]Oct-Dec''25'!BW44+'[2]Apr-Sep''25'!BW44 -> 0 | BV44: ='[2]Oct-Dec''25'!BX44+'[2]Apr-Sep''25'!BX44 -> 0 | BW44: =IFERROR(BV44/BU44,0) -> 0 | BX44: ='[2]Oct-Dec''25'!BZ44+'[2]Apr-Sep''25'!BZ44 -> 240 | BY44: ='[2]Oct-Dec''25'!CA44+'[2]Apr-Sep''25'!CA44 -> 240 | BZ44: =IFERROR(BY44/BX44,0) -> 1 | CA44: ='[2]Oct-Dec''25'!CC44+'[2]Apr-Sep''25'!CC44 -> 158 | CB44: ='[2]Oct-Dec''25'!CD44+'[2]Apr-Sep''25'!CD44 -> 158 | CC44: =IFERROR(CB44/CA44,0) -> 1 | CD44: ='[2]Oct-Dec''25'!CF44+'[2]Apr-Sep''25'!CF44 -> 0 | CE44: ='[2]Oct-Dec''25'!CG44+'[2]Apr-Sep''25'!CG44 -> 0 | CF44: =IFERROR(CE44/CD44,0) -> 0
A45: ='[2]Oct-Dec''25'!A45 -> 39 | B45: ='[2]Oct-Dec''25'!B45 -> YRG Care | C45: ='[2]Oct-Dec''25'!C45 -> Rajasthan | D45: ='[2]Oct-Dec''25'!D45 -> BHILWARA NETWORK OF PEOPLE LIVING HIV/AIDS SANSTHAN | E45: ='[2]Oct-Dec''25'!E45 -> BANSWARA | F45: Apr-Dec'25 | G45: ='[2]Oct-Dec''25'!H45+'[2]Apr-Sep''25'!H45 -> 135 | H45: ='[2]Oct-Dec''25'!I45+'[2]Apr-Sep''25'!I45 -> 116 | I45: =H45/G45 -> 0.85925926 | J45: ='[2]Oct-Dec''25'!K45+'[2]Apr-Sep''25'!K45 -> 0 | K45: ='[2]Oct-Dec''25'!L45+'[2]Apr-Sep''25'!L45 -> 0 | M45: ='[2]Oct-Dec''25'!N45+'[2]Apr-Sep''25'!N45 -> 135 | N45: ='[2]Oct-Dec''25'!O45+'[2]Apr-Sep''25'!O45 -> 132 | O45: =N45/M45 -> 0.97777778 | P45: ='[2]Oct-Dec''25'!Q45+'[2]Apr-Sep''25'!Q45 -> 105 | Q45: ='[2]Oct-Dec''25'!R45+'[2]Apr-Sep''25'!R45 -> 99 | R45: =Q45/P45 -> 0.94285714 | S45: ='[2]Oct-Dec''25'!T45+'[2]Apr-Sep''25'!T45 -> 1253 | T45: ='[2]Oct-Dec''25'!U45+'[2]Apr-Sep''25'!U45 -> 990 | U45: =T45/S45 -> 0.79010375 | V45: ='[2]Oct-Dec''25'!W45+'[2]Apr-Sep''25'!W45 -> 435 | W45: ='[2]Oct-Dec''25'!Y45+'[2]Apr-Sep''25'!Y45 -> 310 | X45: =W45/V45 -> 0.71264368 | Y45: ='[2]Oct-Dec''25'!AA45+'[2]Apr-Sep''25'!AA45 -> 0 | Z45: ='[2]Oct-Dec''25'!AB45+'[2]Apr-Sep''25'!AB45 -> 0 | AA45: =Z45/Y45 -> #DIV/0! | AB45: ='[2]Oct-Dec''25'!AD45+'[2]Apr-Sep''25'!AD45 -> 5 | AC45: ='[2]Oct-Dec''25'!AE45+'[2]Apr-Sep''25'!AE45 -> 0 | AD45: =AC45/AB45 -> 0 | AE45: ='[2]Oct-Dec''25'!AJ45+'[2]Apr-Sep''25'!AJ45 -> 309 | AF45: ='[2]Oct-Dec''25'!AK45+'[2]Apr-Sep''25'!AK45 -> 309 | AG45: =AF45/AE45 -> 1 | AH45: ='[2]Oct-Dec''25'!AM45+'[2]Apr-Sep''25'!AM45 -> 1 | AI45: ='[2]Oct-Dec''25'!AN45+'[2]Apr-Sep''25'!AN45 -> 1 | AJ45: =AI45/AH45 -> 1 | AK45: ='[2]Oct-Dec''25'!AP45+'[2]Apr-Sep''25'!AP45 -> 168 | AL45: ='[2]Oct-Dec''25'!AQ45+'[2]Apr-Sep''25'!AQ45 -> 156 | AM45: =AL45/AK45 -> 0.92857143 | AN45: ='[2]Oct-Dec''25'!AS45+'[2]Apr-Sep''25'!AS45 -> 4 | AO45: ='[2]Oct-Dec''25'!AT45+'[2]Apr-Sep''25'!AT45 -> 4 | AP45: =AO45/AN45 -> 1 | AQ45: ='[2]Oct-Dec''25'!AV45+'[2]Apr-Sep''25'!AV45 -> 0 | AR45: ='[2]Oct-Dec''25'!AW45+'[2]Apr-Sep''25'!AW45 -> 0 | AS45: =AR45/AQ45 -> #DIV/0! | AT45: ='[2]Oct-Dec''25'!AY45+'[2]Apr-Sep''25'!AY45 -> 7 | AU45: ='[2]Oct-Dec''25'!AZ45+'[2]Apr-Sep''25'!AZ45 -> 4 | AV45: =AU45/AT45 -> 0.57142857 | AW45: =AN45+AQ45+AT45 -> 11 | AX45: =AO45+AR45+AU45 -> 8 | AY45: =AX45/AW45 -> 0.72727273 | AZ45: ='[2]Oct-Dec''25'!BB45+'[2]Apr-Sep''25'!BB45 -> 0 | BA45: ='[2]Oct-Dec''25'!BC45+'[2]Apr-Sep''25'!BC45 -> 112 | BB45: =IFERROR(BA45/AZ45,0) -> 0 | BC45: ='[2]Oct-Dec''25'!BE45+'[2]Apr-Sep''25'!BE45 -> 1 | BD45: ='[2]Oct-Dec''25'!BF45+'[2]Apr-Sep''25'!BF45 -> 0 | BE45: =IFERROR(BD45/BC45,0) -> 0 | BF45: ='[2]Oct-Dec''25'!BH45+'[2]Apr-Sep''25'!BH45 -> 9 | BG45: ='[2]Oct-Dec''25'!BI45+'[2]Apr-Sep''25'!BI45 -> 9 | BH45: =IFERROR(BG45/BF45,0) -> 1 | BI45: ='[2]Oct-Dec''25'!BK45+'[2]Apr-Sep''25'!BK45 -> 0 | BJ45: ='[2]Oct-Dec''25'!BL45+'[2]Apr-Sep''25'!BL45 -> 2 | BK45: =IFERROR(BJ45/BI45,0) -> 0 | BL45: ='[2]Oct-Dec''25'!BN45+'[2]Apr-Sep''25'!BN45 -> 0 | BM45: ='[2]Oct-Dec''25'!BO45+'[2]Apr-Sep''25'!BO45 -> 0 | BN45: =IFERROR(BM45/BL45,0) -> 0 | BO45: ='[2]Oct-Dec''25'!BQ45+'[2]Apr-Sep''25'!BQ45 -> 0 | BP45: ='[2]Oct-Dec''25'!BR45+'[2]Apr-Sep''25'!BR45 -> 0 | BQ45: =IFERROR(BP45/BO45,0) -> 0 | BR45: ='[2]Oct-Dec''25'!BT45+'[2]Apr-Sep''25'!BT45 -> 0 | BS45: ='[2]Oct-Dec''25'!BU45+'[2]Apr-Sep''25'!BU45 -> 0 | BT45: =IFERROR(BS45/BR45,0) -> 0 | BU45: ='[2]Oct-Dec''25'!BW45+'[2]Apr-Sep''25'!BW45 -> 0 | BV45: ='[2]Oct-Dec''25'!BX45+'[2]Apr-Sep''25'!BX45 -> 0 | BW45: =IFERROR(BV45/BU45,0) -> 0 | BX45: ='[2]Oct-Dec''25'!BZ45+'[2]Apr-Sep''25'!BZ45 -> 116 | BY45: ='[2]Oct-Dec''25'!CA45+'[2]Apr-Sep''25'!CA45 -> 116 | BZ45: =IFERROR(BY45/BX45,0) -> 1 | CA45: ='[2]Oct-Dec''25'!CC45+'[2]Apr-Sep''25'!CC45 -> 46 | CB45: ='[2]Oct-Dec''25'!CD45+'[2]Apr-Sep''25'!CD45 -> 46 | CC45: =IFERROR(CB45/CA45,0) -> 1 | CD45: ='[2]Oct-Dec''25'!CF45+'[2]Apr-Sep''25'!CF45 -> 0 | CE45: ='[2]Oct-Dec''25'!CG45+'[2]Apr-Sep''25'!CG45 -> 0 | CF45: =IFERROR(CE45/CD45,0) -> 0
A46: ='[2]Oct-Dec''25'!A46 -> 40 | B46: ='[2]Oct-Dec''25'!B46 -> YRG Care | C46: ='[2]Oct-Dec''25'!C46 -> Rajasthan | D46: ='[2]Oct-Dec''25'!D46 -> STATE COALITION OF PLHIV SANSTHAN | E46: ='[2]Oct-Dec''25'!E46 -> BHARATPUR | F46: Apr-Dec'25 | G46: ='[2]Oct-Dec''25'!H46+'[2]Apr-Sep''25'!H46 -> 188 | H46: ='[2]Oct-Dec''25'!I46+'[2]Apr-Sep''25'!I46 -> 186 | I46: =H46/G46 -> 0.9893617 | J46: ='[2]Oct-Dec''25'!K46+'[2]Apr-Sep''25'!K46 -> 0 | K46: ='[2]Oct-Dec''25'!L46+'[2]Apr-Sep''25'!L46 -> 0 | M46: ='[2]Oct-Dec''25'!N46+'[2]Apr-Sep''25'!N46 -> 188 | N46: ='[2]Oct-Dec''25'!O46+'[2]Apr-Sep''25'!O46 -> 188 | O46: =N46/M46 -> 1 | P46: ='[2]Oct-Dec''25'!Q46+'[2]Apr-Sep''25'!Q46 -> 167 | Q46: ='[2]Oct-Dec''25'!R46+'[2]Apr-Sep''25'!R46 -> 159 | R46: =Q46/P46 -> 0.95209581 | S46: ='[2]Oct-Dec''25'!T46+'[2]Apr-Sep''25'!T46 -> 1486 | T46: ='[2]Oct-Dec''25'!U46+'[2]Apr-Sep''25'!U46 -> 1339 | U46: =T46/S46 -> 0.90107672 | V46: ='[2]Oct-Dec''25'!W46+'[2]Apr-Sep''25'!W46 -> 239 | W46: ='[2]Oct-Dec''25'!Y46+'[2]Apr-Sep''25'!Y46 -> 155 | X46: =W46/V46 -> 0.64853556 | Y46: ='[2]Oct-Dec''25'!AA46+'[2]Apr-Sep''25'!AA46 -> 0 | Z46: ='[2]Oct-Dec''25'!AB46+'[2]Apr-Sep''25'!AB46 -> 0 | AA46: =Z46/Y46 -> #DIV/0! | AB46: ='[2]Oct-Dec''25'!AD46+'[2]Apr-Sep''25'!AD46 -> 0 | AC46: ='[2]Oct-Dec''25'!AE46+'[2]Apr-Sep''25'!AE46 -> 0 | AD46: =AC46/AB46 -> #DIV/0! | AE46: ='[2]Oct-Dec''25'!AJ46+'[2]Apr-Sep''25'!AJ46 -> 1030 | AF46: ='[2]Oct-Dec''25'!AK46+'[2]Apr-Sep''25'!AK46 -> 888 | AG46: =AF46/AE46 -> 0.86213592 | AH46: ='[2]Oct-Dec''25'!AM46+'[2]Apr-Sep''25'!AM46 -> 3 | AI46: ='[2]Oct-Dec''25'!AN46+'[2]Apr-Sep''25'!AN46 -> 3 | AJ46: =AI46/AH46 -> 1 | AK46: ='[2]Oct-Dec''25'!AP46+'[2]Apr-Sep''25'!AP46 -> 116 | AL46: ='[2]Oct-Dec''25'!AQ46+'[2]Apr-Sep''25'!AQ46 -> 106 | AM46: =AL46/AK46 -> 0.9137931 | AN46: ='[2]Oct-Dec''25'!AS46+'[2]Apr-Sep''25'!AS46 -> 0 | AO46: ='[2]Oct-Dec''25'!AT46+'[2]Apr-Sep''25'!AT46 -> 0 | AP46: =AO46/AN46 -> #DIV/0! | AQ46: ='[2]Oct-Dec''25'!AV46+'[2]Apr-Sep''25'!AV46 -> 0 | AR46: ='[2]Oct-Dec''25'!AW46+'[2]Apr-Sep''25'!AW46 -> 0 | AS46: =AR46/AQ46 -> #DIV/0! | AT46: ='[2]Oct-Dec''25'!AY46+'[2]Apr-Sep''25'!AY46 -> 30 | AU46: ='[2]Oct-Dec''25'!AZ46+'[2]Apr-Sep''25'!AZ46 -> 3 | AV46: =AU46/AT46 -> 0.1 | AW46: =AN46+AQ46+AT46 -> 30 | AX46: =AO46+AR46+AU46 -> 3 | AY46: =AX46/AW46 -> 0.1 | AZ46: ='[2]Oct-Dec''25'!BB46+'[2]Apr-Sep''25'!BB46 -> 92 | BA46: ='[2]Oct-Dec''25'!BC46+'[2]Apr-Sep''25'!BC46 -> 126 | BB46: =IFERROR(BA46/AZ46,0) -> 1.3695652 | BC46: ='[2]Oct-Dec''25'!BE46+'[2]Apr-Sep''25'!BE46 -> 0 | BD46: ='[2]Oct-Dec''25'!BF46+'[2]Apr-Sep''25'!BF46 -> 0 | BE46: =IFERROR(BD46/BC46,0) -> 0 | BF46: ='[2]Oct-Dec''25'!BH46+'[2]Apr-Sep''25'!BH46 -> 5 | BG46: ='[2]Oct-Dec''25'!BI46+'[2]Apr-Sep''25'!BI46 -> 5 | BH46: =IFERROR(BG46/BF46,0) -> 1 | BI46: ='[2]Oct-Dec''25'!BK46+'[2]Apr-Sep''25'!BK46 -> 1 | BJ46: ='[2]Oct-Dec''25'!BL46+'[2]Apr-Sep''25'!BL46 -> 1 | BK46: =IFERROR(BJ46/BI46,0) -> 1 | BL46: ='[2]Oct-Dec''25'!BN46+'[2]Apr-Sep''25'!BN46 -> 2 | BM46: ='[2]Oct-Dec''25'!BO46+'[2]Apr-Sep''25'!BO46 -> 2 | BN46: =IFERROR(BM46/BL46,0) -> 1 | BO46: ='[2]Oct-Dec''25'!BQ46+'[2]Apr-Sep''25'!BQ46 -> 5 | BP46: ='[2]Oct-Dec''25'!BR46+'[2]Apr-Sep''25'!BR46 -> 5 | BQ46: =IFERROR(BP46/BO46,0) -> 1 | BR46: ='[2]Oct-Dec''25'!BT46+'[2]Apr-Sep''25'!BT46 -> 8 | BS46: ='[2]Oct-Dec''25'!BU46+'[2]Apr-Sep''25'!BU46 -> 7 | BT46: =IFERROR(BS46/BR46,0) -> 0.875 | BU46: ='[2]Oct-Dec''25'!BW46+'[2]Apr-Sep''25'!BW46 -> 0 | BV46: ='[2]Oct-Dec''25'!BX46+'[2]Apr-Sep''25'!BX46 -> 0 | BW46: =IFERROR(BV46/BU46,0) -> 0 | BX46: ='[2]Oct-Dec''25'!BZ46+'[2]Apr-Sep''25'!BZ46 -> 186 | BY46: ='[2]Oct-Dec''25'!CA46+'[2]Apr-Sep''25'!CA46 -> 186 | BZ46: =IFERROR(BY46/BX46,0) -> 1 | CA46: ='[2]Oct-Dec''25'!CC46+'[2]Apr-Sep''25'!CC46 -> 0 | CB46: ='[2]Oct-Dec''25'!CD46+'[2]Apr-Sep''25'!CD46 -> 0 | CC46: =IFERROR(CB46/CA46,0) -> 0 | CD46: ='[2]Oct-Dec''25'!CF46+'[2]Apr-Sep''25'!CF46 -> 0 | CE46: ='[2]Oct-Dec''25'!CG46+'[2]Apr-Sep''25'!CG46 -> 0 | CF46: =IFERROR(CE46/CD46,0) -> 0
A47: ='[2]Oct-Dec''25'!A47 -> 41 | B47: ='[2]Oct-Dec''25'!B47 -> YRG Care | C47: ='[2]Oct-Dec''25'!C47 -> Rajasthan | D47: ='[2]Oct-Dec''25'!D47 -> BARMER NETWORK FOR PEOPLE LIVING WITH HIV/AIDS SANSTHAN | E47: ='[2]Oct-Dec''25'!E47 -> BARMER | F47: Apr-Dec'25 | G47: ='[2]Oct-Dec''25'!H47+'[2]Apr-Sep''25'!H47 -> 102 | H47: ='[2]Oct-Dec''25'!I47+'[2]Apr-Sep''25'!I47 -> 92 | I47: =H47/G47 -> 0.90196078 | J47: ='[2]Oct-Dec''25'!K47+'[2]Apr-Sep''25'!K47 -> 7 | K47: ='[2]Oct-Dec''25'!L47+'[2]Apr-Sep''25'!L47 -> 3 | L47: =K47/J47 -> 0.42857143 | M47: ='[2]Oct-Dec''25'!N47+'[2]Apr-Sep''25'!N47 -> 92 | N47: ='[2]Oct-Dec''25'!O47+'[2]Apr-Sep''25'!O47 -> 89 | O47: =N47/M47 -> 0.9673913 | P47: ='[2]Oct-Dec''25'!Q47+'[2]Apr-Sep''25'!Q47 -> 94 | Q47: ='[2]Oct-Dec''25'!R47+'[2]Apr-Sep''25'!R47 -> 87 | R47: =Q47/P47 -> 0.92553191 | S47: ='[2]Oct-Dec''25'!T47+'[2]Apr-Sep''25'!T47 -> 1253 | T47: ='[2]Oct-Dec''25'!U47+'[2]Apr-Sep''25'!U47 -> 1062 | U47: =T47/S47 -> 0.84756584 | V47: ='[2]Oct-Dec''25'!W47+'[2]Apr-Sep''25'!W47 -> 418 | W47: ='[2]Oct-Dec''25'!Y47+'[2]Apr-Sep''25'!Y47 -> 255 | X47: =W47/V47 -> 0.61004785 | Y47: ='[2]Oct-Dec''25'!AA47+'[2]Apr-Sep''25'!AA47 -> 0 | Z47: ='[2]Oct-Dec''25'!AB47+'[2]Apr-Sep''25'!AB47 -> 0 | AA47: =Z47/Y47 -> #DIV/0! | AB47: ='[2]Oct-Dec''25'!AD47+'[2]Apr-Sep''25'!AD47 -> 0 | AC47: ='[2]Oct-Dec''25'!AE47+'[2]Apr-Sep''25'!AE47 -> 0 | AD47: =AC47/AB47 -> #DIV/0! | AE47: ='[2]Oct-Dec''25'!AJ47+'[2]Apr-Sep''25'!AJ47 -> 188 | AF47: ='[2]Oct-Dec''25'!AK47+'[2]Apr-Sep''25'!AK47 -> 111 | AG47: =AF47/AE47 -> 0.59042553 | AH47: ='[2]Oct-Dec''25'!AM47+'[2]Apr-Sep''25'!AM47 -> 0 | AI47: ='[2]Oct-Dec''25'!AN47+'[2]Apr-Sep''25'!AN47 -> 0 | AJ47: =AI47/AH47 -> #DIV/0! | AK47: ='[2]Oct-Dec''25'!AP47+'[2]Apr-Sep''25'!AP47 -> 82 | AL47: ='[2]Oct-Dec''25'!AQ47+'[2]Apr-Sep''25'!AQ47 -> 55 | AM47: =AL47/AK47 -> 0.67073171 | AN47: ='[2]Oct-Dec''25'!AS47+'[2]Apr-Sep''25'!AS47 -> 8 | AO47: ='[2]Oct-Dec''25'!AT47+'[2]Apr-Sep''25'!AT47 -> 6 | AP47: =AO47/AN47 -> 0.75 | AQ47: ='[2]Oct-Dec''25'!AV47+'[2]Apr-Sep''25'!AV47 -> 0 | AR47: ='[2]Oct-Dec''25'!AW47+'[2]Apr-Sep''25'!AW47 -> 0 | AS47: =AR47/AQ47 -> #DIV/0! | AT47: ='[2]Oct-Dec''25'!AY47+'[2]Apr-Sep''25'!AY47 -> 15 | AU47: ='[2]Oct-Dec''25'!AZ47+'[2]Apr-Sep''25'!AZ47 -> 14 | AV47: =AU47/AT47 -> 0.93333333 | AW47: =AN47+AQ47+AT47 -> 23 | AX47: =AO47+AR47+AU47 -> 20 | AY47: =AX47/AW47 -> 0.86956522 | AZ47: ='[2]Oct-Dec''25'!BB47+'[2]Apr-Sep''25'!BB47 -> 0 | BA47: ='[2]Oct-Dec''25'!BC47+'[2]Apr-Sep''25'!BC47 -> 26 | BB47: =IFERROR(BA47/AZ47,0) -> 0 | BC47: ='[2]Oct-Dec''25'!BE47+'[2]Apr-Sep''25'!BE47 -> 0 | BD47: ='[2]Oct-Dec''25'!BF47+'[2]Apr-Sep''25'!BF47 -> 0 | BE47: =IFERROR(BD47/BC47,0) -> 0 | BF47: ='[2]Oct-Dec''25'!BH47+'[2]Apr-Sep''25'!BH47 -> 1 | BG47: ='[2]Oct-Dec''25'!BI47+'[2]Apr-Sep''25'!BI47 -> 1 | BH47: =IFERROR(BG47/BF47,0) -> 1 | BI47: ='[2]Oct-Dec''25'!BK47+'[2]Apr-Sep''25'!BK47 -> 0 | BJ47: ='[2]Oct-Dec''25'!BL47+'[2]Apr-Sep''25'!BL47 -> 0 | BK47: =IFERROR(BJ47/BI47,0) -> 0 | BL47: ='[2]Oct-Dec''25'!BN47+'[2]Apr-Sep''25'!BN47 -> 0 | BM47: ='[2]Oct-Dec''25'!BO47+'[2]Apr-Sep''25'!BO47 -> 0 | BN47: =IFERROR(BM47/BL47,0) -> 0 | BO47: ='[2]Oct-Dec''25'!BQ47+'[2]Apr-Sep''25'!BQ47 -> 0 | BP47: ='[2]Oct-Dec''25'!BR47+'[2]Apr-Sep''25'!BR47 -> 0 | BQ47: =IFERROR(BP47/BO47,0) -> 0 | BR47: ='[2]Oct-Dec''25'!BT47+'[2]Apr-Sep''25'!BT47 -> 0 | BS47: ='[2]Oct-Dec''25'!BU47+'[2]Apr-Sep''25'!BU47 -> 0 | BT47: =IFERROR(BS47/BR47,0) -> 0 | BU47: ='[2]Oct-Dec''25'!BW47+'[2]Apr-Sep''25'!BW47 -> 0 | BV47: ='[2]Oct-Dec''25'!BX47+'[2]Apr-Sep''25'!BX47 -> 0 | BW47: =IFERROR(BV47/BU47,0) -> 0 | BX47: ='[2]Oct-Dec''25'!BZ47+'[2]Apr-Sep''25'!BZ47 -> 92 | BY47: ='[2]Oct-Dec''25'!CA47+'[2]Apr-Sep''25'!CA47 -> 95 | BZ47: =IFERROR(BY47/BX47,0) -> 1.0326087 | CA47: ='[2]Oct-Dec''25'!CC47+'[2]Apr-Sep''25'!CC47 -> 6 | CB47: ='[2]Oct-Dec''25'!CD47+'[2]Apr-Sep''25'!CD47 -> 6 | CC47: =IFERROR(CB47/CA47,0) -> 1 | CD47: ='[2]Oct-Dec''25'!CF47+'[2]Apr-Sep''25'!CF47 -> 0 | CE47: ='[2]Oct-Dec''25'!CG47+'[2]Apr-Sep''25'!CG47 -> 0 | CF47: =IFERROR(CE47/CD47,0) -> 0
A48: ='[2]Oct-Dec''25'!A48 -> 42 | B48: ='[2]Oct-Dec''25'!B48 -> YRG Care | C48: ='[2]Oct-Dec''25'!C48 -> Rajasthan | D48: ='[2]Oct-Dec''25'!D48 -> SIKAR NETWORK FOR PLHIV SANSTHAN | E48: ='[2]Oct-Dec''25'!E48 -> JHUNJHUNU | F48: Apr-Dec'25 | G48: ='[2]Oct-Dec''25'!H48+'[2]Apr-Sep''25'!H48 -> 138 | H48: ='[2]Oct-Dec''25'!I48+'[2]Apr-Sep''25'!I48 -> 137 | I48: =H48/G48 -> 0.99275362 | J48: ='[2]Oct-Dec''25'!K48+'[2]Apr-Sep''25'!K48 -> 34 | K48: ='[2]Oct-Dec''25'!L48+'[2]Apr-Sep''25'!L48 -> 0 | L48: =K48/J48 -> 0 | M48: ='[2]Oct-Dec''25'!N48+'[2]Apr-Sep''25'!N48 -> 138 | N48: ='[2]Oct-Dec''25'!O48+'[2]Apr-Sep''25'!O48 -> 138 | O48: =N48/M48 -> 1 | P48: ='[2]Oct-Dec''25'!Q48+'[2]Apr-Sep''25'!Q48 -> 136 | Q48: ='[2]Oct-Dec''25'!R48+'[2]Apr-Sep''25'!R48 -> 133 | R48: =Q48/P48 -> 0.97794118 | S48: ='[2]Oct-Dec''25'!T48+'[2]Apr-Sep''25'!T48 -> 555 | T48: ='[2]Oct-Dec''25'!U48+'[2]Apr-Sep''25'!U48 -> 287 | U48: =T48/S48 -> 0.51711712 | V48: ='[2]Oct-Dec''25'!W48+'[2]Apr-Sep''25'!W48 -> 276 | W48: ='[2]Oct-Dec''25'!Y48+'[2]Apr-Sep''25'!Y48 -> 206 | X48: =W48/V48 -> 0.74637681 | Y48: ='[2]Oct-Dec''25'!AA48+'[2]Apr-Sep''25'!AA48 -> 68 | Z48: ='[2]Oct-Dec''25'!AB48+'[2]Apr-Sep''25'!AB48 -> 68 | AA48: =Z48/Y48 -> 1 | AB48: ='[2]Oct-Dec''25'!AD48+'[2]Apr-Sep''25'!AD48 -> 51 | AC48: ='[2]Oct-Dec''25'!AE48+'[2]Apr-Sep''25'!AE48 -> 0 | AD48: =AC48/AB48 -> 0 | AE48: ='[2]Oct-Dec''25'!AJ48+'[2]Apr-Sep''25'!AJ48 -> 113 | AF48: ='[2]Oct-Dec''25'!AK48+'[2]Apr-Sep''25'!AK48 -> 66 | AG48: =AF48/AE48 -> 0.5840708 | AH48: ='[2]Oct-Dec''25'!AM48+'[2]Apr-Sep''25'!AM48 -> 0 | AI48: ='[2]Oct-Dec''25'!AN48+'[2]Apr-Sep''25'!AN48 -> 0 | AJ48: =AI48/AH48 -> #DIV/0! | AK48: ='[2]Oct-Dec''25'!AP48+'[2]Apr-Sep''25'!AP48 -> 78 | AL48: ='[2]Oct-Dec''25'!AQ48+'[2]Apr-Sep''25'!AQ48 -> 12 | AM48: =AL48/AK48 -> 0.15384615 | AN48: ='[2]Oct-Dec''25'!AS48+'[2]Apr-Sep''25'!AS48 -> 41 | AO48: ='[2]Oct-Dec''25'!AT48+'[2]Apr-Sep''25'!AT48 -> 25 | AP48: =AO48/AN48 -> 0.6097561 | AQ48: ='[2]Oct-Dec''25'!AV48+'[2]Apr-Sep''25'!AV48 -> 0 | AR48: ='[2]Oct-Dec''25'!AW48+'[2]Apr-Sep''25'!AW48 -> 0 | AS48: =AR48/AQ48 -> #DIV/0! | AT48: ='[2]Oct-Dec''25'!AY48+'[2]Apr-Sep''25'!AY48 -> 31 | AU48: ='[2]Oct-Dec''25'!AZ48+'[2]Apr-Sep''25'!AZ48 -> 20 | AV48: =AU48/AT48 -> 0.64516129 | AW48: =AN48+AQ48+AT48 -> 72 | AX48: =AO48+AR48+AU48 -> 45 | AY48: =AX48/AW48 -> 0.625 | AZ48: ='[2]Oct-Dec''25'!BB48+'[2]Apr-Sep''25'!BB48 -> 0 | BA48: ='[2]Oct-Dec''25'!BC48+'[2]Apr-Sep''25'!BC48 -> 0 | BB48: =IFERROR(BA48/AZ48,0) -> 0 | BC48: ='[2]Oct-Dec''25'!BE48+'[2]Apr-Sep''25'!BE48 -> 0 | BD48: ='[2]Oct-Dec''25'!BF48+'[2]Apr-Sep''25'!BF48 -> 0 | BE48: =IFERROR(BD48/BC48,0) -> 0 | BF48: ='[2]Oct-Dec''25'!BH48+'[2]Apr-Sep''25'!BH48 -> 3 | BG48: ='[2]Oct-Dec''25'!BI48+'[2]Apr-Sep''25'!BI48 -> 3 | BH48: =IFERROR(BG48/BF48,0) -> 1 | BI48: ='[2]Oct-Dec''25'!BK48+'[2]Apr-Sep''25'!BK48 -> 5 | BJ48: ='[2]Oct-Dec''25'!BL48+'[2]Apr-Sep''25'!BL48 -> 1 | BK48: =IFERROR(BJ48/BI48,0) -> 0.2 | BL48: ='[2]Oct-Dec''25'!BN48+'[2]Apr-Sep''25'!BN48 -> 8 | BM48: ='[2]Oct-Dec''25'!BO48+'[2]Apr-Sep''25'!BO48 -> 1 | BN48: =IFERROR(BM48/BL48,0) -> 0.125 | BO48: ='[2]Oct-Dec''25'!BQ48+'[2]Apr-Sep''25'!BQ48 -> 10 | BP48: ='[2]Oct-Dec''25'!BR48+'[2]Apr-Sep''25'!BR48 -> 6 | BQ48: =IFERROR(BP48/BO48,0) -> 0.6 | BR48: ='[2]Oct-Dec''25'!BT48+'[2]Apr-Sep''25'!BT48 -> 2 | BS48: ='[2]Oct-Dec''25'!BU48+'[2]Apr-Sep''25'!BU48 -> 1 | BT48: =IFERROR(BS48/BR48,0) -> 0.5 | BU48: ='[2]Oct-Dec''25'!BW48+'[2]Apr-Sep''25'!BW48 -> 0 | BV48: ='[2]Oct-Dec''25'!BX48+'[2]Apr-Sep''25'!BX48 -> 0 | BW48: =IFERROR(BV48/BU48,0) -> 0 | BX48: ='[2]Oct-Dec''25'!BZ48+'[2]Apr-Sep''25'!BZ48 -> 137 | BY48: ='[2]Oct-Dec''25'!CA48+'[2]Apr-Sep''25'!CA48 -> 137 | BZ48: =IFERROR(BY48/BX48,0) -> 1 | CA48: ='[2]Oct-Dec''25'!CC48+'[2]Apr-Sep''25'!CC48 -> 1 | CB48: ='[2]Oct-Dec''25'!CD48+'[2]Apr-Sep''25'!CD48 -> 1 | CC48: =IFERROR(CB48/CA48,0) -> 1 | CD48: ='[2]Oct-Dec''25'!CF48+'[2]Apr-Sep''25'!CF48 -> 0 | CE48: ='[2]Oct-Dec''25'!CG48+'[2]Apr-Sep''25'!CG48 -> 0 | CF48: =IFERROR(CE48/CD48,0) -> 0
A49: ='[2]Oct-Dec''25'!A49 -> 43 | B49: ='[2]Oct-Dec''25'!B49 -> YRG Care | C49: ='[2]Oct-Dec''25'!C49 -> Rajasthan | D49: ='[2]Oct-Dec''25'!D49 -> BIKANER NETWORK FOR PEOPLE LIVING WITH HIV/AIDS SANSTHAN | E49: ='[2]Oct-Dec''25'!E49 -> NAGAUR | F49: Apr-Dec'25 | G49: ='[2]Oct-Dec''25'!H49+'[2]Apr-Sep''25'!H49 -> 97 | H49: ='[2]Oct-Dec''25'!I49+'[2]Apr-Sep''25'!I49 -> 96 | I49: =H49/G49 -> 0.98969072 | J49: ='[2]Oct-Dec''25'!K49+'[2]Apr-Sep''25'!K49 -> 1 | K49: ='[2]Oct-Dec''25'!L49+'[2]Apr-Sep''25'!L49 -> 0 | L49: =K49/J49 -> 0 | M49: ='[2]Oct-Dec''25'!N49+'[2]Apr-Sep''25'!N49 -> 84 | N49: ='[2]Oct-Dec''25'!O49+'[2]Apr-Sep''25'!O49 -> 84 | O49: =N49/M49 -> 1 | P49: ='[2]Oct-Dec''25'!Q49+'[2]Apr-Sep''25'!Q49 -> 68 | Q49: ='[2]Oct-Dec''25'!R49+'[2]Apr-Sep''25'!R49 -> 63 | R49: =Q49/P49 -> 0.92647059 | S49: ='[2]Oct-Dec''25'!T49+'[2]Apr-Sep''25'!T49 -> 362 | T49: ='[2]Oct-Dec''25'!U49+'[2]Apr-Sep''25'!U49 -> 279 | U49: =T49/S49 -> 0.77071823 | V49: ='[2]Oct-Dec''25'!W49+'[2]Apr-Sep''25'!W49 -> 92 | W49: ='[2]Oct-Dec''25'!Y49+'[2]Apr-Sep''25'!Y49 -> 58 | X49: =W49/V49 -> 0.63043478 | Y49: ='[2]Oct-Dec''25'!AA49+'[2]Apr-Sep''25'!AA49 -> 79 | Z49: ='[2]Oct-Dec''25'!AB49+'[2]Apr-Sep''25'!AB49 -> 79 | AA49: =Z49/Y49 -> 1 | AB49: ='[2]Oct-Dec''25'!AD49+'[2]Apr-Sep''25'!AD49 -> 71 | AC49: ='[2]Oct-Dec''25'!AE49+'[2]Apr-Sep''25'!AE49 -> 0 | AD49: =AC49/AB49 -> 0 | AE49: ='[2]Oct-Dec''25'!AJ49+'[2]Apr-Sep''25'!AJ49 -> 357 | AF49: ='[2]Oct-Dec''25'!AK49+'[2]Apr-Sep''25'!AK49 -> 301 | AG49: =AF49/AE49 -> 0.84313725 | AH49: ='[2]Oct-Dec''25'!AM49+'[2]Apr-Sep''25'!AM49 -> 0 | AI49: ='[2]Oct-Dec''25'!AN49+'[2]Apr-Sep''25'!AN49 -> 0 | AJ49: =AI49/AH49 -> #DIV/0! | AK49: ='[2]Oct-Dec''25'!AP49+'[2]Apr-Sep''25'!AP49 -> 34 | AL49: ='[2]Oct-Dec''25'!AQ49+'[2]Apr-Sep''25'!AQ49 -> 0 | AM49: =AL49/AK49 -> 0 | AN49: ='[2]Oct-Dec''25'!AS49+'[2]Apr-Sep''25'!AS49 -> 4 | AO49: ='[2]Oct-Dec''25'!AT49+'[2]Apr-Sep''25'!AT49 -> 0 | AP49: =AO49/AN49 -> 0 | AQ49: ='[2]Oct-Dec''25'!AV49+'[2]Apr-Sep''25'!AV49 -> 0 | AR49: ='[2]Oct-Dec''25'!AW49+'[2]Apr-Sep''25'!AW49 -> 0 | AS49: =AR49/AQ49 -> #DIV/0! | AT49: ='[2]Oct-Dec''25'!AY49+'[2]Apr-Sep''25'!AY49 -> 9 | AU49: ='[2]Oct-Dec''25'!AZ49+'[2]Apr-Sep''25'!AZ49 -> 0 | AV49: =AU49/AT49 -> 0 | AW49: =AN49+AQ49+AT49 -> 13 | AX49: =AO49+AR49+AU49 -> 0 | AY49: =AX49/AW49 -> 0 | AZ49: ='[2]Oct-Dec''25'!BB49+'[2]Apr-Sep''25'!BB49 -> 0 | BA49: ='[2]Oct-Dec''25'!BC49+'[2]Apr-Sep''25'!BC49 -> 4 | BB49: =IFERROR(BA49/AZ49,0) -> 0 | BC49: ='[2]Oct-Dec''25'!BE49+'[2]Apr-Sep''25'!BE49 -> 3 | BD49: ='[2]Oct-Dec''25'!BF49+'[2]Apr-Sep''25'!BF49 -> 0 | BE49: =IFERROR(BD49/BC49,0) -> 0 | BF49: ='[2]Oct-Dec''25'!BH49+'[2]Apr-Sep''25'!BH49 -> 0 | BG49: ='[2]Oct-Dec''25'!BI49+'[2]Apr-Sep''25'!BI49 -> 0 | BH49: =IFERROR(BG49/BF49,0) -> 0 | BI49: ='[2]Oct-Dec''25'!BK49+'[2]Apr-Sep''25'!BK49 -> 0 | BJ49: ='[2]Oct-Dec''25'!BL49+'[2]Apr-Sep''25'!BL49 -> 0 | BK49: =IFERROR(BJ49/BI49,0) -> 0 | BL49: ='[2]Oct-Dec''25'!BN49+'[2]Apr-Sep''25'!BN49 -> 2 | BM49: ='[2]Oct-Dec''25'!BO49+'[2]Apr-Sep''25'!BO49 -> 2 | BN49: =IFERROR(BM49/BL49,0) -> 1 | BO49: ='[2]Oct-Dec''25'!BQ49+'[2]Apr-Sep''25'!BQ49 -> 0 | BP49: ='[2]Oct-Dec''25'!BR49+'[2]Apr-Sep''25'!BR49 -> 0 | BQ49: =IFERROR(BP49/BO49,0) -> 0 | BR49: ='[2]Oct-Dec''25'!BT49+'[2]Apr-Sep''25'!BT49 -> 1 | BS49: ='[2]Oct-Dec''25'!BU49+'[2]Apr-Sep''25'!BU49 -> 1 | BT49: =IFERROR(BS49/BR49,0) -> 1 | BU49: ='[2]Oct-Dec''25'!BW49+'[2]Apr-Sep''25'!BW49 -> 0 | BV49: ='[2]Oct-Dec''25'!BX49+'[2]Apr-Sep''25'!BX49 -> 0 | BW49: =IFERROR(BV49/BU49,0) -> 0 | BX49: ='[2]Oct-Dec''25'!BZ49+'[2]Apr-Sep''25'!BZ49 -> 96 | BY49: ='[2]Oct-Dec''25'!CA49+'[2]Apr-Sep''25'!CA49 -> 96 | BZ49: =IFERROR(BY49/BX49,0) -> 1 | CA49: ='[2]Oct-Dec''25'!CC49+'[2]Apr-Sep''25'!CC49 -> 2 | CB49: ='[2]Oct-Dec''25'!CD49+'[2]Apr-Sep''25'!CD49 -> 6 | CC49: =IFERROR(CB49/CA49,0) -> 3 | CD49: ='[2]Oct-Dec''25'!CF49+'[2]Apr-Sep''25'!CF49 -> 0 | CE49: ='[2]Oct-Dec''25'!CG49+'[2]Apr-Sep''25'!CG49 -> 0 | CF49: =IFERROR(CE49/CD49,0) -> 0
A50: ='[2]Oct-Dec''25'!A50 -> 44 | B50: ='[2]Oct-Dec''25'!B50 -> YRG Care | C50: ='[2]Oct-Dec''25'!C50 -> Rajasthan | D50: ='[2]Oct-Dec''25'!D50 -> PALI MARWAR NETWORK FOR PEOPLE LIVING WITH HIV/AIDS SANSTHAN | E50: ='[2]Oct-Dec''25'!E50 -> PALI | F50: Apr-Dec'25 | G50: ='[2]Oct-Dec''25'!H50+'[2]Apr-Sep''25'!H50 -> 282 | H50: ='[2]Oct-Dec''25'!I50+'[2]Apr-Sep''25'!I50 -> 263 | I50: =H50/G50 -> 0.93262411 | J50: ='[2]Oct-Dec''25'!K50+'[2]Apr-Sep''25'!K50 -> 14 | K50: ='[2]Oct-Dec''25'!L50+'[2]Apr-Sep''25'!L50 -> 14 | L50: =K50/J50 -> 1 | M50: ='[2]Oct-Dec''25'!N50+'[2]Apr-Sep''25'!N50 -> 259 | N50: ='[2]Oct-Dec''25'!O50+'[2]Apr-Sep''25'!O50 -> 259 | O50: =N50/M50 -> 1 | P50: ='[2]Oct-Dec''25'!Q50+'[2]Apr-Sep''25'!Q50 -> 220 | Q50: ='[2]Oct-Dec''25'!R50+'[2]Apr-Sep''25'!R50 -> 204 | R50: =Q50/P50 -> 0.92727273 | S50: ='[2]Oct-Dec''25'!T50+'[2]Apr-Sep''25'!T50 -> 3001 | T50: ='[2]Oct-Dec''25'!U50+'[2]Apr-Sep''25'!U50 -> 2413 | U50: =T50/S50 -> 0.80406531 | V50: ='[2]Oct-Dec''25'!W50+'[2]Apr-Sep''25'!W50 -> 991 | W50: ='[2]Oct-Dec''25'!Y50+'[2]Apr-Sep''25'!Y50 -> 751 | X50: =W50/V50 -> 0.75782038 | Y50: ='[2]Oct-Dec''25'!AA50+'[2]Apr-Sep''25'!AA50 -> 208 | Z50: ='[2]Oct-Dec''25'!AB50+'[2]Apr-Sep''25'!AB50 -> 208 | AA50: =Z50/Y50 -> 1 | AB50: ='[2]Oct-Dec''25'!AD50+'[2]Apr-Sep''25'!AD50 -> 213 | AC50: ='[2]Oct-Dec''25'!AE50+'[2]Apr-Sep''25'!AE50 -> 22 | AD50: =AC50/AB50 -> 0.10328638 | AE50: ='[2]Oct-Dec''25'!AJ50+'[2]Apr-Sep''25'!AJ50 -> 972 | AF50: ='[2]Oct-Dec''25'!AK50+'[2]Apr-Sep''25'!AK50 -> 634 | AG50: =AF50/AE50 -> 0.65226337 | AH50: ='[2]Oct-Dec''25'!AM50+'[2]Apr-Sep''25'!AM50 -> 0 | AI50: ='[2]Oct-Dec''25'!AN50+'[2]Apr-Sep''25'!AN50 -> 0 | AJ50: =AI50/AH50 -> #DIV/0! | AK50: ='[2]Oct-Dec''25'!AP50+'[2]Apr-Sep''25'!AP50 -> 135 | AL50: ='[2]Oct-Dec''25'!AQ50+'[2]Apr-Sep''25'!AQ50 -> 91 | AM50: =AL50/AK50 -> 0.67407407 | AN50: ='[2]Oct-Dec''25'!AS50+'[2]Apr-Sep''25'!AS50 -> 5 | AO50: ='[2]Oct-Dec''25'!AT50+'[2]Apr-Sep''25'!AT50 -> 1 | AP50: =AO50/AN50 -> 0.2 | AQ50: ='[2]Oct-Dec''25'!AV50+'[2]Apr-Sep''25'!AV50 -> 0 | AR50: ='[2]Oct-Dec''25'!AW50+'[2]Apr-Sep''25'!AW50 -> 0 | AS50: =AR50/AQ50 -> #DIV/0! | AT50: ='[2]Oct-Dec''25'!AY50+'[2]Apr-Sep''25'!AY50 -> 48 | AU50: ='[2]Oct-Dec''25'!AZ50+'[2]Apr-Sep''25'!AZ50 -> 16 | AV50: =AU50/AT50 -> 0.33333333 | AW50: =AN50+AQ50+AT50 -> 53 | AX50: =AO50+AR50+AU50 -> 17 | AY50: =AX50/AW50 -> 0.32075472 | AZ50: ='[2]Oct-Dec''25'!BB50+'[2]Apr-Sep''25'!BB50 -> 0 | BA50: ='[2]Oct-Dec''25'!BC50+'[2]Apr-Sep''25'!BC50 -> 0 | BB50: =IFERROR(BA50/AZ50,0) -> 0 | BC50: ='[2]Oct-Dec''25'!BE50+'[2]Apr-Sep''25'!BE50 -> 0 | BD50: ='[2]Oct-Dec''25'!BF50+'[2]Apr-Sep''25'!BF50 -> 0 | BE50: =IFERROR(BD50/BC50,0) -> 0 | BF50: ='[2]Oct-Dec''25'!BH50+'[2]Apr-Sep''25'!BH50 -> 2 | BG50: ='[2]Oct-Dec''25'!BI50+'[2]Apr-Sep''25'!BI50 -> 1 | BH50: =IFERROR(BG50/BF50,0) -> 0.5 | BI50: ='[2]Oct-Dec''25'!BK50+'[2]Apr-Sep''25'!BK50 -> 0 | BJ50: ='[2]Oct-Dec''25'!BL50+'[2]Apr-Sep''25'!BL50 -> 0 | BK50: =IFERROR(BJ50/BI50,0) -> 0 | BL50: ='[2]Oct-Dec''25'!BN50+'[2]Apr-Sep''25'!BN50 -> 0 | BM50: ='[2]Oct-Dec''25'!BO50+'[2]Apr-Sep''25'!BO50 -> 0 | BN50: =IFERROR(BM50/BL50,0) -> 0 | BO50: ='[2]Oct-Dec''25'!BQ50+'[2]Apr-Sep''25'!BQ50 -> 0 | BP50: ='[2]Oct-Dec''25'!BR50+'[2]Apr-Sep''25'!BR50 -> 0 | BQ50: =IFERROR(BP50/BO50,0) -> 0 | BR50: ='[2]Oct-Dec''25'!BT50+'[2]Apr-Sep''25'!BT50 -> 0 | BS50: ='[2]Oct-Dec''25'!BU50+'[2]Apr-Sep''25'!BU50 -> 2 | BT50: =IFERROR(BS50/BR50,0) -> 0 | BU50: ='[2]Oct-Dec''25'!BW50+'[2]Apr-Sep''25'!BW50 -> 0 | BV50: ='[2]Oct-Dec''25'!BX50+'[2]Apr-Sep''25'!BX50 -> 0 | BW50: =IFERROR(BV50/BU50,0) -> 0 | BX50: ='[2]Oct-Dec''25'!BZ50+'[2]Apr-Sep''25'!BZ50 -> 263 | BY50: ='[2]Oct-Dec''25'!CA50+'[2]Apr-Sep''25'!CA50 -> 263 | BZ50: =IFERROR(BY50/BX50,0) -> 1 | CA50: ='[2]Oct-Dec''25'!CC50+'[2]Apr-Sep''25'!CC50 -> 12 | CB50: ='[2]Oct-Dec''25'!CD50+'[2]Apr-Sep''25'!CD50 -> 12 | CC50: =IFERROR(CB50/CA50,0) -> 1 | CD50: ='[2]Oct-Dec''25'!CF50+'[2]Apr-Sep''25'!CF50 -> 0 | CE50: ='[2]Oct-Dec''25'!CG50+'[2]Apr-Sep''25'!CG50 -> 0 | CF50: =IFERROR(CE50/CD50,0) -> 0
A51: ='[2]Oct-Dec''25'!A51 -> 45 | B51: ='[2]Oct-Dec''25'!B51 -> YRG Care | C51: ='[2]Oct-Dec''25'!C51 -> Rajasthan | D51: ='[2]Oct-Dec''25'!D51 -> JALORE NETWORK OF PEOPLE LIVING WITH HIV/AIDS SANSTHAN | E51: ='[2]Oct-Dec''25'!E51 -> JALORE | F51: Apr-Dec'25 | G51: ='[2]Oct-Dec''25'!H51+'[2]Apr-Sep''25'!H51 -> 113 | H51: ='[2]Oct-Dec''25'!I51+'[2]Apr-Sep''25'!I51 -> 100 | I51: =H51/G51 -> 0.88495575 | J51: ='[2]Oct-Dec''25'!K51+'[2]Apr-Sep''25'!K51 -> 0 | K51: ='[2]Oct-Dec''25'!L51+'[2]Apr-Sep''25'!L51 -> 0 | M51: ='[2]Oct-Dec''25'!N51+'[2]Apr-Sep''25'!N51 -> 96 | N51: ='[2]Oct-Dec''25'!O51+'[2]Apr-Sep''25'!O51 -> 88 | O51: =N51/M51 -> 0.91666667 | P51: ='[2]Oct-Dec''25'!Q51+'[2]Apr-Sep''25'!Q51 -> 103 | Q51: ='[2]Oct-Dec''25'!R51+'[2]Apr-Sep''25'!R51 -> 89 | R51: =Q51/P51 -> 0.86407767 | S51: ='[2]Oct-Dec''25'!T51+'[2]Apr-Sep''25'!T51 -> 702 | T51: ='[2]Oct-Dec''25'!U51+'[2]Apr-Sep''25'!U51 -> 521 | U51: =T51/S51 -> 0.74216524 | V51: ='[2]Oct-Dec''25'!W51+'[2]Apr-Sep''25'!W51 -> 250 | W51: ='[2]Oct-Dec''25'!Y51+'[2]Apr-Sep''25'!Y51 -> 170 | X51: =W51/V51 -> 0.68 | Y51: ='[2]Oct-Dec''25'!AA51+'[2]Apr-Sep''25'!AA51 -> 300 | Z51: ='[2]Oct-Dec''25'!AB51+'[2]Apr-Sep''25'!AB51 -> 300 | AA51: =Z51/Y51 -> 1 | AB51: ='[2]Oct-Dec''25'!AD51+'[2]Apr-Sep''25'!AD51 -> 301 | AC51: ='[2]Oct-Dec''25'!AE51+'[2]Apr-Sep''25'!AE51 -> 0 | AD51: =AC51/AB51 -> 0 | AE51: ='[2]Oct-Dec''25'!AJ51+'[2]Apr-Sep''25'!AJ51 -> 1126 | AF51: ='[2]Oct-Dec''25'!AK51+'[2]Apr-Sep''25'!AK51 -> 590 | AG51: =AF51/AE51 -> 0.52397869 | AH51: ='[2]Oct-Dec''25'!AM51+'[2]Apr-Sep''25'!AM51 -> 5 | AI51: ='[2]Oct-Dec''25'!AN51+'[2]Apr-Sep''25'!AN51 -> 4 | AJ51: =AI51/AH51 -> 0.8 | AK51: ='[2]Oct-Dec''25'!AP51+'[2]Apr-Sep''25'!AP51 -> 97 | AL51: ='[2]Oct-Dec''25'!AQ51+'[2]Apr-Sep''25'!AQ51 -> 36 | AM51: =AL51/AK51 -> 0.37113402 | AN51: ='[2]Oct-Dec''25'!AS51+'[2]Apr-Sep''25'!AS51 -> 6 | AO51: ='[2]Oct-Dec''25'!AT51+'[2]Apr-Sep''25'!AT51 -> 0 | AP51: =AO51/AN51 -> 0 | AQ51: ='[2]Oct-Dec''25'!AV51+'[2]Apr-Sep''25'!AV51 -> 0 | AR51: ='[2]Oct-Dec''25'!AW51+'[2]Apr-Sep''25'!AW51 -> 0 | AS51: =AR51/AQ51 -> #DIV/0! | AT51: ='[2]Oct-Dec''25'!AY51+'[2]Apr-Sep''25'!AY51 -> 2 | AU51: ='[2]Oct-Dec''25'!AZ51+'[2]Apr-Sep''25'!AZ51 -> 0 | AV51: =AU51/AT51 -> 0 | AW51: =AN51+AQ51+AT51 -> 8 | AX51: =AO51+AR51+AU51 -> 0 | AY51: =AX51/AW51 -> 0 | AZ51: ='[2]Oct-Dec''25'!BB51+'[2]Apr-Sep''25'!BB51 -> 0 | BA51: ='[2]Oct-Dec''25'!BC51+'[2]Apr-Sep''25'!BC51 -> 13 | BB51: =IFERROR(BA51/AZ51,0) -> 0 | BC51: ='[2]Oct-Dec''25'!BE51+'[2]Apr-Sep''25'!BE51 -> 4 | BD51: ='[2]Oct-Dec''25'!BF51+'[2]Apr-Sep''25'!BF51 -> 0 | BE51: =IFERROR(BD51/BC51,0) -> 0 | BF51: ='[2]Oct-Dec''25'!BH51+'[2]Apr-Sep''25'!BH51 -> 4 | BG51: ='[2]Oct-Dec''25'!BI51+'[2]Apr-Sep''25'!BI51 -> 4 | BH51: =IFERROR(BG51/BF51,0) -> 1 | BI51: ='[2]Oct-Dec''25'!BK51+'[2]Apr-Sep''25'!BK51 -> 0 | BJ51: ='[2]Oct-Dec''25'!BL51+'[2]Apr-Sep''25'!BL51 -> 0 | BK51: =IFERROR(BJ51/BI51,0) -> 0 | BL51: ='[2]Oct-Dec''25'!BN51+'[2]Apr-Sep''25'!BN51 -> 1 | BM51: ='[2]Oct-Dec''25'!BO51+'[2]Apr-Sep''25'!BO51 -> 0 | BN51: =IFERROR(BM51/BL51,0) -> 0 | BO51: ='[2]Oct-Dec''25'!BQ51+'[2]Apr-Sep''25'!BQ51 -> 0 | BP51: ='[2]Oct-Dec''25'!BR51+'[2]Apr-Sep''25'!BR51 -> 0 | BQ51: =IFERROR(BP51/BO51,0) -> 0 | BR51: ='[2]Oct-Dec''25'!BT51+'[2]Apr-Sep''25'!BT51 -> 0 | BS51: ='[2]Oct-Dec''25'!BU51+'[2]Apr-Sep''25'!BU51 -> 0 | BT51: =IFERROR(BS51/BR51,0) -> 0 | BU51: ='[2]Oct-Dec''25'!BW51+'[2]Apr-Sep''25'!BW51 -> 0 | BV51: ='[2]Oct-Dec''25'!BX51+'[2]Apr-Sep''25'!BX51 -> 0 | BW51: =IFERROR(BV51/BU51,0) -> 0 | BX51: ='[2]Oct-Dec''25'!BZ51+'[2]Apr-Sep''25'!BZ51 -> 100 | BY51: ='[2]Oct-Dec''25'!CA51+'[2]Apr-Sep''25'!CA51 -> 101 | BZ51: =IFERROR(BY51/BX51,0) -> 1.01 | CA51: ='[2]Oct-Dec''25'!CC51+'[2]Apr-Sep''25'!CC51 -> 0 | CB51: ='[2]Oct-Dec''25'!CD51+'[2]Apr-Sep''25'!CD51 -> 6 | CC51: =IFERROR(CB51/CA51,0) -> 0 | CD51: ='[2]Oct-Dec''25'!CF51+'[2]Apr-Sep''25'!CF51 -> 300 | CE51: ='[2]Oct-Dec''25'!CG51+'[2]Apr-Sep''25'!CG51 -> 236 | CF51: =IFERROR(CE51/CD51,0) -> 0.78666667
A52: ='[2]Oct-Dec''25'!A52 -> 46 | B52: ='[2]Oct-Dec''25'!B52 -> YRG Care | C52: ='[2]Oct-Dec''25'!C52 -> Rajasthan | D52: ='[2]Oct-Dec''25'!D52 -> POSITIVE WOMEN NETWORK OF RAJASTHAN SOCIETY | E52: ='[2]Oct-Dec''25'!E52 -> SHRI GANGANAGAR | F52: Apr-Dec'25 | G52: ='[2]Oct-Dec''25'!H52+'[2]Apr-Sep''25'!H52 -> 484 | H52: ='[2]Oct-Dec''25'!I52+'[2]Apr-Sep''25'!I52 -> 482 | I52: =H52/G52 -> 0.99586777 | J52: ='[2]Oct-Dec''25'!K52+'[2]Apr-Sep''25'!K52 -> 4 | K52: ='[2]Oct-Dec''25'!L52+'[2]Apr-Sep''25'!L52 -> 4 | L52: =K52/J52 -> 1 | M52: ='[2]Oct-Dec''25'!N52+'[2]Apr-Sep''25'!N52 -> 387 | N52: ='[2]Oct-Dec''25'!O52+'[2]Apr-Sep''25'!O52 -> 387 | O52: =N52/M52 -> 1 | P52: ='[2]Oct-Dec''25'!Q52+'[2]Apr-Sep''25'!Q52 -> 264 | Q52: ='[2]Oct-Dec''25'!R52+'[2]Apr-Sep''25'!R52 -> 237 | R52: =Q52/P52 -> 0.89772727 | S52: ='[2]Oct-Dec''25'!T52+'[2]Apr-Sep''25'!T52 -> 1091 | T52: ='[2]Oct-Dec''25'!U52+'[2]Apr-Sep''25'!U52 -> 786 | U52: =T52/S52 -> 0.72043996 | V52: ='[2]Oct-Dec''25'!W52+'[2]Apr-Sep''25'!W52 -> 593 | W52: ='[2]Oct-Dec''25'!Y52+'[2]Apr-Sep''25'!Y52 -> 397 | X52: =W52/V52 -> 0.66947723 | Y52: ='[2]Oct-Dec''25'!AA52+'[2]Apr-Sep''25'!AA52 -> 113 | Z52: ='[2]Oct-Dec''25'!AB52+'[2]Apr-Sep''25'!AB52 -> 113 | AA52: =Z52/Y52 -> 1 | AB52: ='[2]Oct-Dec''25'!AD52+'[2]Apr-Sep''25'!AD52 -> 36 | AC52: ='[2]Oct-Dec''25'!AE52+'[2]Apr-Sep''25'!AE52 -> 3 | AD52: =AC52/AB52 -> 0.083333333 | AE52: ='[2]Oct-Dec''25'!AJ52+'[2]Apr-Sep''25'!AJ52 -> 183 | AF52: ='[2]Oct-Dec''25'!AK52+'[2]Apr-Sep''25'!AK52 -> 106 | AG52: =AF52/AE52 -> 0.57923497 | AH52: ='[2]Oct-Dec''25'!AM52+'[2]Apr-Sep''25'!AM52 -> 0 | AI52: ='[2]Oct-Dec''25'!AN52+'[2]Apr-Sep''25'!AN52 -> 0 | AJ52: =AI52/AH52 -> #DIV/0! | AK52: ='[2]Oct-Dec''25'!AP52+'[2]Apr-Sep''25'!AP52 -> 66 | AL52: ='[2]Oct-Dec''25'!AQ52+'[2]Apr-Sep''25'!AQ52 -> 16 | AM52: =AL52/AK52 -> 0.24242424 | AN52: ='[2]Oct-Dec''25'!AS52+'[2]Apr-Sep''25'!AS52 -> 27 | AO52: ='[2]Oct-Dec''25'!AT52+'[2]Apr-Sep''25'!AT52 -> 12 | AP52: =AO52/AN52 -> 0.44444444 | AQ52: ='[2]Oct-Dec''25'!AV52+'[2]Apr-Sep''25'!AV52 -> 0 | AR52: ='[2]Oct-Dec''25'!AW52+'[2]Apr-Sep''25'!AW52 -> 0 | AS52: =AR52/AQ52 -> #DIV/0! | AT52: ='[2]Oct-Dec''25'!AY52+'[2]Apr-Sep''25'!AY52 -> 18 | AU52: ='[2]Oct-Dec''25'!AZ52+'[2]Apr-Sep''25'!AZ52 -> 6 | AV52: =AU52/AT52 -> 0.33333333 | AW52: =AN52+AQ52+AT52 -> 45 | AX52: =AO52+AR52+AU52 -> 18 | AY52: =AX52/AW52 -> 0.4 | AZ52: ='[2]Oct-Dec''25'!BB52+'[2]Apr-Sep''25'!BB52 -> 20 | BA52: ='[2]Oct-Dec''25'!BC52+'[2]Apr-Sep''25'!BC52 -> 4 | BB52: =IFERROR(BA52/AZ52,0) -> 0.2 | BC52: ='[2]Oct-Dec''25'!BE52+'[2]Apr-Sep''25'!BE52 -> 13 | BD52: ='[2]Oct-Dec''25'!BF52+'[2]Apr-Sep''25'!BF52 -> 13 | BE52: =IFERROR(BD52/BC52,0) -> 1 | BF52: ='[2]Oct-Dec''25'!BH52+'[2]Apr-Sep''25'!BH52 -> 0 | BG52: ='[2]Oct-Dec''25'!BI52+'[2]Apr-Sep''25'!BI52 -> 0 | BH52: =IFERROR(BG52/BF52,0) -> 0 | BI52: ='[2]Oct-Dec''25'!BK52+'[2]Apr-Sep''25'!BK52 -> 12 | BJ52: ='[2]Oct-Dec''25'!BL52+'[2]Apr-Sep''25'!BL52 -> 3 | BK52: =IFERROR(BJ52/BI52,0) -> 0.25 | BL52: ='[2]Oct-Dec''25'!BN52+'[2]Apr-Sep''25'!BN52 -> 9 | BM52: ='[2]Oct-Dec''25'!BO52+'[2]Apr-Sep''25'!BO52 -> 11 | BN52: =IFERROR(BM52/BL52,0) -> 1.2222222 | BO52: ='[2]Oct-Dec''25'!BQ52+'[2]Apr-Sep''25'!BQ52 -> 12 | BP52: ='[2]Oct-Dec''25'!BR52+'[2]Apr-Sep''25'!BR52 -> 10 | BQ52: =IFERROR(BP52/BO52,0) -> 0.83333333 | BR52: ='[2]Oct-Dec''25'!BT52+'[2]Apr-Sep''25'!BT52 -> 14 | BS52: ='[2]Oct-Dec''25'!BU52+'[2]Apr-Sep''25'!BU52 -> 10 | BT52: =IFERROR(BS52/BR52,0) -> 0.71428571 | BU52: ='[2]Oct-Dec''25'!BW52+'[2]Apr-Sep''25'!BW52 -> 0 | BV52: ='[2]Oct-Dec''25'!BX52+'[2]Apr-Sep''25'!BX52 -> 0 | BW52: =IFERROR(BV52/BU52,0) -> 0 | BX52: ='[2]Oct-Dec''25'!BZ52+'[2]Apr-Sep''25'!BZ52 -> 482 | BY52: ='[2]Oct-Dec''25'!CA52+'[2]Apr-Sep''25'!CA52 -> 482 | BZ52: =IFERROR(BY52/BX52,0) -> 1 | CA52: ='[2]Oct-Dec''25'!CC52+'[2]Apr-Sep''25'!CC52 -> 129 | CB52: ='[2]Oct-Dec''25'!CD52+'[2]Apr-Sep''25'!CD52 -> 125 | CC52: =IFERROR(CB52/CA52,0) -> 0.96899225 | CD52: ='[2]Oct-Dec''25'!CF52+'[2]Apr-Sep''25'!CF52 -> 0 | CE52: ='[2]Oct-Dec''25'!CG52+'[2]Apr-Sep''25'!CG52 -> 0 | CF52: =IFERROR(CE52/CD52,0) -> 0
A53: ='[2]Oct-Dec''25'!A53 -> 47 | B53: ='[2]Oct-Dec''25'!B53 -> CHRI | C53: ='[2]Oct-Dec''25'!C53 -> SIKKIM | D53: ='[2]Oct-Dec''25'!D53 -> MSNP+ | E53: ='[2]Oct-Dec''25'!E53 -> GANGTOK | F53: Apr-Dec'25 | G53: ='[2]Oct-Dec''25'!H53+'[2]Apr-Sep''25'!H53 -> 41 | H53: ='[2]Oct-Dec''25'!I53+'[2]Apr-Sep''25'!I53 -> 41 | I53: =H53/G53 -> 1 | J53: ='[2]Oct-Dec''25'!K53+'[2]Apr-Sep''25'!K53 -> 5 | K53: ='[2]Oct-Dec''25'!L53+'[2]Apr-Sep''25'!L53 -> 1 | L53: =K53/J53 -> 0.2 | M53: ='[2]Oct-Dec''25'!N53+'[2]Apr-Sep''25'!N53 -> 41 | N53: ='[2]Oct-Dec''25'!O53+'[2]Apr-Sep''25'!O53 -> 41 | O53: =N53/M53 -> 1 | P53: ='[2]Oct-Dec''25'!Q53+'[2]Apr-Sep''25'!Q53 -> 43 | Q53: ='[2]Oct-Dec''25'!R53+'[2]Apr-Sep''25'!R53 -> 42 | R53: =Q53/P53 -> 0.97674419 | S53: ='[2]Oct-Dec''25'!T53+'[2]Apr-Sep''25'!T53 -> 27 | T53: ='[2]Oct-Dec''25'!U53+'[2]Apr-Sep''25'!U53 -> 24 | U53: =T53/S53 -> 0.88888889 | V53: ='[2]Oct-Dec''25'!W53+'[2]Apr-Sep''25'!W53 -> 14 | W53: ='[2]Oct-Dec''25'!Y53+'[2]Apr-Sep''25'!Y53 -> 11 | X53: =W53/V53 -> 0.78571429 | Y53: ='[2]Oct-Dec''25'!AA53+'[2]Apr-Sep''25'!AA53 -> 48 | Z53: ='[2]Oct-Dec''25'!AB53+'[2]Apr-Sep''25'!AB53 -> 48 | AA53: =Z53/Y53 -> 1 | AB53: ='[2]Oct-Dec''25'!AD53+'[2]Apr-Sep''25'!AD53 -> 30 | AC53: ='[2]Oct-Dec''25'!AE53+'[2]Apr-Sep''25'!AE53 -> 26 | AD53: =AC53/AB53 -> 0.86666667 | AE53: ='[2]Oct-Dec''25'!AJ53+'[2]Apr-Sep''25'!AJ53 -> 1 | AF53: ='[2]Oct-Dec''25'!AK53+'[2]Apr-Sep''25'!AK53 -> 0 | AG53: =AF53/AE53 -> 0 | AH53: ='[2]Oct-Dec''25'!AM53+'[2]Apr-Sep''25'!AM53 -> 0 | AI53: ='[2]Oct-Dec''25'!AN53+'[2]Apr-Sep''25'!AN53 -> 0 | AJ53: =AI53/AH53 -> #DIV/0! | AK53: ='[2]Oct-Dec''25'!AP53+'[2]Apr-Sep''25'!AP53 -> 51 | AL53: ='[2]Oct-Dec''25'!AQ53+'[2]Apr-Sep''25'!AQ53 -> 49 | AM53: =AL53/AK53 -> 0.96078431 | AN53: ='[2]Oct-Dec''25'!AS53+'[2]Apr-Sep''25'!AS53 -> 5 | AO53: ='[2]Oct-Dec''25'!AT53+'[2]Apr-Sep''25'!AT53 -> 5 | AP53: =AO53/AN53 -> 1 | AQ53: ='[2]Oct-Dec''25'!AV53+'[2]Apr-Sep''25'!AV53 -> 0 | AR53: ='[2]Oct-Dec''25'!AW53+'[2]Apr-Sep''25'!AW53 -> 0 | AS53: =AR53/AQ53 -> #DIV/0! | AT53: ='[2]Oct-Dec''25'!AY53+'[2]Apr-Sep''25'!AY53 -> 4 | AU53: ='[2]Oct-Dec''25'!AZ53+'[2]Apr-Sep''25'!AZ53 -> 4 | AV53: =AU53/AT53 -> 1 | AW53: =AN53+AQ53+AT53 -> 9 | AX53: =AO53+AR53+AU53 -> 9 | AY53: =AX53/AW53 -> 1 | AZ53: ='[2]Oct-Dec''25'!BB53+'[2]Apr-Sep''25'!BB53 -> 52 | BA53: ='[2]Oct-Dec''25'!BC53+'[2]Apr-Sep''25'!BC53 -> 17 | BB53: =IFERROR(BA53/AZ53,0) -> 0.32692308 | BC53: ='[2]Oct-Dec''25'!BE53+'[2]Apr-Sep''25'!BE53 -> 4 | BD53: ='[2]Oct-Dec''25'!BF53+'[2]Apr-Sep''25'!BF53 -> 4 | BE53: =IFERROR(BD53/BC53,0) -> 1 | BF53: ='[2]Oct-Dec''25'!BH53+'[2]Apr-Sep''25'!BH53 -> 4 | BG53: ='[2]Oct-Dec''25'!BI53+'[2]Apr-Sep''25'!BI53 -> 4 | BH53: =IFERROR(BG53/BF53,0) -> 1 | BI53: ='[2]Oct-Dec''25'!BK53+'[2]Apr-Sep''25'!BK53 -> 5 | BJ53: ='[2]Oct-Dec''25'!BL53+'[2]Apr-Sep''25'!BL53 -> 5 | BK53: =IFERROR(BJ53/BI53,0) -> 1 | BL53: ='[2]Oct-Dec''25'!BN53+'[2]Apr-Sep''25'!BN53 -> 2 | BM53: ='[2]Oct-Dec''25'!BO53+'[2]Apr-Sep''25'!BO53 -> 2 | BN53: =IFERROR(BM53/BL53,0) -> 1 | BO53: ='[2]Oct-Dec''25'!BQ53+'[2]Apr-Sep''25'!BQ53 -> 0 | BP53: ='[2]Oct-Dec''25'!BR53+'[2]Apr-Sep''25'!BR53 -> 0 | BQ53: =IFERROR(BP53/BO53,0) -> 0 | BR53: ='[2]Oct-Dec''25'!BT53+'[2]Apr-Sep''25'!BT53 -> 0 | BS53: ='[2]Oct-Dec''25'!BU53+'[2]Apr-Sep''25'!BU53 -> 0 | BT53: =IFERROR(BS53/BR53,0) -> 0 | BU53: ='[2]Oct-Dec''25'!BW53+'[2]Apr-Sep''25'!BW53 -> 0 | BV53: ='[2]Oct-Dec''25'!BX53+'[2]Apr-Sep''25'!BX53 -> 0 | BW53: =IFERROR(BV53/BU53,0) -> 0 | BX53: ='[2]Oct-Dec''25'!BZ53+'[2]Apr-Sep''25'!BZ53 -> 41 | BY53: ='[2]Oct-Dec''25'!CA53+'[2]Apr-Sep''25'!CA53 -> 33 | BZ53: =IFERROR(BY53/BX53,0) -> 0.80487805 | CA53: ='[2]Oct-Dec''25'!CC53+'[2]Apr-Sep''25'!CC53 -> 32 | CB53: ='[2]Oct-Dec''25'!CD53+'[2]Apr-Sep''25'!CD53 -> 32 | CC53: =IFERROR(CB53/CA53,0) -> 1 | CD53: ='[2]Oct-Dec''25'!CF53+'[2]Apr-Sep''25'!CF53 -> 0 | CE53: ='[2]Oct-Dec''25'!CG53+'[2]Apr-Sep''25'!CG53 -> 0 | CF53: =IFERROR(CE53/CD53,0) -> 0
A54: ='[2]Oct-Dec''25'!A54 -> 48 | B54: ='[2]Oct-Dec''25'!B54 -> CHRI | C54: ='[2]Oct-Dec''25'!C54 -> Tripura | D54: ='[2]Oct-Dec''25'!D54 -> HEPATITIS FOUNDATION OF TRIPURA (ANANDALOK) | E54: ='[2]Oct-Dec''25'!E54 -> WEST | F54: Apr-Dec'25 | G54: ='[2]Oct-Dec''25'!H54+'[2]Apr-Sep''25'!H54 -> 1121 | H54: ='[2]Oct-Dec''25'!I54+'[2]Apr-Sep''25'!I54 -> 1021 | I54: =H54/G54 -> 0.91079393 | J54: ='[2]Oct-Dec''25'!K54+'[2]Apr-Sep''25'!K54 -> 4 | K54: ='[2]Oct-Dec''25'!L54+'[2]Apr-Sep''25'!L54 -> 0 | L54: =K54/J54 -> 0 | M54: ='[2]Oct-Dec''25'!N54+'[2]Apr-Sep''25'!N54 -> 1112 | N54: ='[2]Oct-Dec''25'!O54+'[2]Apr-Sep''25'!O54 -> 1042 | O54: =N54/M54 -> 0.93705036 | P54: ='[2]Oct-Dec''25'!Q54+'[2]Apr-Sep''25'!Q54 -> 841 | Q54: ='[2]Oct-Dec''25'!R54+'[2]Apr-Sep''25'!R54 -> 613 | R54: =Q54/P54 -> 0.72889417 | S54: ='[2]Oct-Dec''25'!T54+'[2]Apr-Sep''25'!T54 -> 6975 | T54: ='[2]Oct-Dec''25'!U54+'[2]Apr-Sep''25'!U54 -> 3873 | U54: =T54/S54 -> 0.55526882 | V54: ='[2]Oct-Dec''25'!W54+'[2]Apr-Sep''25'!W54 -> 4938 | W54: ='[2]Oct-Dec''25'!Y54+'[2]Apr-Sep''25'!Y54 -> 2814 | X54: =W54/V54 -> 0.56986634 | Y54: ='[2]Oct-Dec''25'!AA54+'[2]Apr-Sep''25'!AA54 -> 180 | Z54: ='[2]Oct-Dec''25'!AB54+'[2]Apr-Sep''25'!AB54 -> 154 | AA54: =Z54/Y54 -> 0.85555556 | AB54: ='[2]Oct-Dec''25'!AD54+'[2]Apr-Sep''25'!AD54 -> 54 | AC54: ='[2]Oct-Dec''25'!AE54+'[2]Apr-Sep''25'!AE54 -> 0 | AD54: =AC54/AB54 -> 0 | AE54: ='[2]Oct-Dec''25'!AJ54+'[2]Apr-Sep''25'!AJ54 -> 3307 | AF54: ='[2]Oct-Dec''25'!AK54+'[2]Apr-Sep''25'!AK54 -> 1389 | AG54: =AF54/AE54 -> 0.42001814 | AH54: ='[2]Oct-Dec''25'!AM54+'[2]Apr-Sep''25'!AM54 -> 2 | AI54: ='[2]Oct-Dec''25'!AN54+'[2]Apr-Sep''25'!AN54 -> 1 | AJ54: =AI54/AH54 -> 0.5 | AK54: ='[2]Oct-Dec''25'!AP54+'[2]Apr-Sep''25'!AP54 -> 1211 | AL54: ='[2]Oct-Dec''25'!AQ54+'[2]Apr-Sep''25'!AQ54 -> 106 | AM54: =AL54/AK54 -> 0.087530966 | AN54: ='[2]Oct-Dec''25'!AS54+'[2]Apr-Sep''25'!AS54 -> 69 | AO54: ='[2]Oct-Dec''25'!AT54+'[2]Apr-Sep''25'!AT54 -> 64 | AP54: =AO54/AN54 -> 0.92753623 | AQ54: ='[2]Oct-Dec''25'!AV54+'[2]Apr-Sep''25'!AV54 -> 56 | AR54: ='[2]Oct-Dec''25'!AW54+'[2]Apr-Sep''25'!AW54 -> 56 | AS54: =AR54/AQ54 -> 1 | AT54: ='[2]Oct-Dec''25'!AY54+'[2]Apr-Sep''25'!AY54 -> 20 | AU54: ='[2]Oct-Dec''25'!AZ54+'[2]Apr-Sep''25'!AZ54 -> 13 | AV54: =AU54/AT54 -> 0.65 | AW54: =AN54+AQ54+AT54 -> 145 | AX54: =AO54+AR54+AU54 -> 133 | AY54: =AX54/AW54 -> 0.91724138 | AZ54: ='[2]Oct-Dec''25'!BB54+'[2]Apr-Sep''25'!BB54 -> 33 | BA54: ='[2]Oct-Dec''25'!BC54+'[2]Apr-Sep''25'!BC54 -> 33 | BB54: =IFERROR(BA54/AZ54,0) -> 1 | BC54: ='[2]Oct-Dec''25'!BE54+'[2]Apr-Sep''25'!BE54 -> 44 | BD54: ='[2]Oct-Dec''25'!BF54+'[2]Apr-Sep''25'!BF54 -> 44 | BE54: =IFERROR(BD54/BC54,0) -> 1 | BF54: ='[2]Oct-Dec''25'!BH54+'[2]Apr-Sep''25'!BH54 -> 42 | BG54: ='[2]Oct-Dec''25'!BI54+'[2]Apr-Sep''25'!BI54 -> 30 | BH54: =IFERROR(BG54/BF54,0) -> 0.71428571 | BI54: ='[2]Oct-Dec''25'!BK54+'[2]Apr-Sep''25'!BK54 -> 46 | BJ54: ='[2]Oct-Dec''25'!BL54+'[2]Apr-Sep''25'!BL54 -> 41 | BK54: =IFERROR(BJ54/BI54,0) -> 0.89130435 | BL54: ='[2]Oct-Dec''25'!BN54+'[2]Apr-Sep''25'!BN54 -> 55 | BM54: ='[2]Oct-Dec''25'!BO54+'[2]Apr-Sep''25'!BO54 -> 48 | BN54: =IFERROR(BM54/BL54,0) -> 0.87272727 | BO54: ='[2]Oct-Dec''25'!BQ54+'[2]Apr-Sep''25'!BQ54 -> 54 | BP54: ='[2]Oct-Dec''25'!BR54+'[2]Apr-Sep''25'!BR54 -> 37 | BQ54: =IFERROR(BP54/BO54,0) -> 0.68518519 | BR54: ='[2]Oct-Dec''25'!BT54+'[2]Apr-Sep''25'!BT54 -> 34 | BS54: ='[2]Oct-Dec''25'!BU54+'[2]Apr-Sep''25'!BU54 -> 24 | BT54: =IFERROR(BS54/BR54,0) -> 0.70588235 | BU54: ='[2]Oct-Dec''25'!BW54+'[2]Apr-Sep''25'!BW54 -> 0 | BV54: ='[2]Oct-Dec''25'!BX54+'[2]Apr-Sep''25'!BX54 -> 0 | BW54: =IFERROR(BV54/BU54,0) -> 0 | BX54: ='[2]Oct-Dec''25'!BZ54+'[2]Apr-Sep''25'!BZ54 -> 1021 | BY54: ='[2]Oct-Dec''25'!CA54+'[2]Apr-Sep''25'!CA54 -> 997 | BZ54: =IFERROR(BY54/BX54,0) -> 0.97649363 | CA54: ='[2]Oct-Dec''25'!CC54+'[2]Apr-Sep''25'!CC54 -> 72 | CB54: ='[2]Oct-Dec''25'!CD54+'[2]Apr-Sep''25'!CD54 -> 66 | CC54: =IFERROR(CB54/CA54,0) -> 0.91666667 | CD54: ='[2]Oct-Dec''25'!CF54+'[2]Apr-Sep''25'!CF54 -> 0 | CE54: ='[2]Oct-Dec''25'!CG54+'[2]Apr-Sep''25'!CG54 -> 0 | CF54: =IFERROR(CE54/CD54,0) -> 0
